contract_id,month,revenue_amount,product_line,region
CTR-2024001,2024-01,3588.75,Cloud Platform,North America
CTR-2024001,2024-02,3448.16,Cloud Platform,North America
CTR-2024001,2024-03,2872.19,Cloud Platform,North America
CTR-2024001,2024-04,2900.52,Cloud Platform,North America
CTR-2024001,2024-05,3478.94,Cloud Platform,North America
CTR-2024001,2024-06,3088.39,Cloud Platform,North America
CTR-2024001,2024-07,3523.87,Cloud Platform,North America
CTR-2024001,2024-08,3457.33,Cloud Platform,North America
CTR-2024001,2024-09,3704.78,Cloud Platform,North America
CTR-2024001,2024-10,3672.02,Cloud Platform,North America
CTR-2024001,2024-11,3137.14,Cloud Platform,North America
CTR-2024001,2024-12,3384.19,Cloud Platform,North America
CTR-2024001,2025-01,2947.0,Cloud Platform,North America
CTR-2024001,2025-02,3153.45,Cloud Platform,North America
CTR-2024001,2025-03,3765.56,Cloud Platform,North America
CTR-2024001,2025-04,3498.85,Cloud Platform,North America
CTR-2024001,2025-05,3195.19,Cloud Platform,North America
CTR-2024001,2025-06,3396.38,Cloud Platform,North America
CTR-2024001,2025-07,3736.14,Cloud Platform,North America
CTR-2024001,2025-08,3113.58,Cloud Platform,North America
CTR-2024001,2025-09,3180.06,Cloud Platform,North America
CTR-2024001,2025-10,3591.17,Cloud Platform,North America
CTR-2024001,2025-11,3612.49,Cloud Platform,North America
CTR-2024001,2025-12,3470.75,Cloud Platform,North America
CTR-2024001,2026-01,3628.11,Cloud Platform,North America
CTR-2024001,2026-02,3538.77,Cloud Platform,North America
CTR-2024001,2026-03,3485.91,Cloud Platform,North America
CTR-2024002,2024-07,351000.21,Cybersecurity,North America
CTR-2024002,2024-08,328542.3,Cybersecurity,North America
CTR-2024002,2024-09,322330.24,Cybersecurity,North America
CTR-2024002,2024-10,322407.87,Cybersecurity,North America
CTR-2024002,2024-11,304013.81,Cybersecurity,North America
CTR-2024002,2024-12,307436.67,Cybersecurity,North America
CTR-2024002,2025-01,381430.23,Cybersecurity,North America
CTR-2024002,2025-02,334884.12,Cybersecurity,North America
CTR-2024002,2025-03,308682.58,Cybersecurity,North America
CTR-2024002,2025-04,299706.45,Cybersecurity,North America
CTR-2024002,2025-05,293613.22,Cybersecurity,North America
CTR-2024002,2025-06,371015.31,Cybersecurity,North America
CTR-2024002,2025-07,296031.91,Cybersecurity,North America
CTR-2024002,2025-08,363595.16,Cybersecurity,North America
CTR-2024002,2025-09,370076.26,Cybersecurity,North America
CTR-2024002,2025-10,374975.26,Cybersecurity,North America
CTR-2024002,2025-11,289636.75,Cybersecurity,North America
CTR-2024002,2025-12,319801.79,Cybersecurity,North America
CTR-2024002,2026-01,363134.43,Cybersecurity,North America
CTR-2024002,2026-02,299049.08,Cybersecurity,North America
CTR-2024002,2026-03,323832.53,Cybersecurity,North America
CTR-2024003,2024-06,2599.81,Managed Services,EMEA
CTR-2024003,2024-07,2557.07,Managed Services,EMEA
CTR-2024003,2024-08,2583.99,Managed Services,EMEA
CTR-2024003,2024-09,2127.48,Managed Services,EMEA
CTR-2024003,2024-10,2320.53,Managed Services,EMEA
CTR-2024003,2024-11,2301.51,Managed Services,EMEA
CTR-2024003,2024-12,2489.87,Managed Services,EMEA
CTR-2024003,2025-01,2178.55,Managed Services,EMEA
CTR-2024003,2025-02,2325.16,Managed Services,EMEA
CTR-2024003,2025-03,2212.17,Managed Services,EMEA
CTR-2024003,2025-04,2541.07,Managed Services,EMEA
CTR-2024003,2025-05,2328.52,Managed Services,EMEA
CTR-2024003,2025-06,2388.88,Managed Services,EMEA
CTR-2024003,2025-07,2229.58,Managed Services,EMEA
CTR-2024003,2025-08,2583.7,Managed Services,EMEA
CTR-2024003,2025-09,2342.77,Managed Services,EMEA
CTR-2024003,2025-10,2602.49,Managed Services,EMEA
CTR-2024003,2025-11,2270.99,Managed Services,EMEA
CTR-2024003,2025-12,2681.96,Managed Services,EMEA
CTR-2024003,2026-01,2708.42,Managed Services,EMEA
CTR-2024003,2026-02,2337.56,Managed Services,EMEA
CTR-2024003,2026-03,2209.93,Managed Services,EMEA
CTR-2024004,2024-04,1253.08,Data Analytics,LATAM
CTR-2024004,2024-05,1203.81,Data Analytics,LATAM
CTR-2024004,2024-06,1198.66,Data Analytics,LATAM
CTR-2024004,2024-07,980.05,Data Analytics,LATAM
CTR-2024004,2024-08,1016.86,Data Analytics,LATAM
CTR-2024004,2024-09,1145.87,Data Analytics,LATAM
CTR-2024004,2024-10,1222.69,Data Analytics,LATAM
CTR-2024004,2024-11,1117.29,Data Analytics,LATAM
CTR-2024004,2024-12,968.24,Data Analytics,LATAM
CTR-2024004,2025-01,1213.38,Data Analytics,LATAM
CTR-2024004,2025-02,1215.12,Data Analytics,LATAM
CTR-2024004,2025-03,1028.42,Data Analytics,LATAM
CTR-2024004,2025-04,1186.08,Data Analytics,LATAM
CTR-2024004,2025-05,1024.38,Data Analytics,LATAM
CTR-2024004,2025-06,1232.97,Data Analytics,LATAM
CTR-2024004,2025-07,983.01,Data Analytics,LATAM
CTR-2024004,2025-08,1078.69,Data Analytics,LATAM
CTR-2024004,2025-09,1246.53,Data Analytics,LATAM
CTR-2024004,2025-10,1007.64,Data Analytics,LATAM
CTR-2024004,2025-11,1083.19,Data Analytics,LATAM
CTR-2024004,2025-12,1049.7,Data Analytics,LATAM
CTR-2024004,2026-01,943.21,Data Analytics,LATAM
CTR-2024004,2026-02,951.97,Data Analytics,LATAM
CTR-2024004,2026-03,1099.97,Data Analytics,LATAM
CTR-2024005,2024-01,60031.53,Managed Services,LATAM
CTR-2024005,2024-02,50314.27,Managed Services,LATAM
CTR-2024005,2024-03,44876.65,Managed Services,LATAM
CTR-2024005,2024-04,59032.55,Managed Services,LATAM
CTR-2024005,2024-05,57595.22,Managed Services,LATAM
CTR-2024005,2024-06,54627.79,Managed Services,LATAM
CTR-2024005,2024-07,56845.66,Managed Services,LATAM
CTR-2024005,2024-08,46592.54,Managed Services,LATAM
CTR-2024005,2024-09,48933.66,Managed Services,LATAM
CTR-2024005,2024-10,57447.58,Managed Services,LATAM
CTR-2024005,2024-11,55350.95,Managed Services,LATAM
CTR-2024005,2024-12,46611.25,Managed Services,LATAM
CTR-2024005,2025-01,55499.37,Managed Services,LATAM
CTR-2024005,2025-02,51469.92,Managed Services,LATAM
CTR-2024005,2025-03,44516.95,Managed Services,LATAM
CTR-2024005,2025-04,45677.07,Managed Services,LATAM
CTR-2024005,2025-05,48448.2,Managed Services,LATAM
CTR-2024005,2025-06,57529.15,Managed Services,LATAM
CTR-2024005,2025-07,53041.38,Managed Services,LATAM
CTR-2024005,2025-08,55839.67,Managed Services,LATAM
CTR-2024005,2025-09,52711.53,Managed Services,LATAM
CTR-2024005,2025-10,46178.31,Managed Services,LATAM
CTR-2024005,2025-11,48952.83,Managed Services,LATAM
CTR-2024005,2025-12,49157.49,Managed Services,LATAM
CTR-2024005,2026-01,45183.44,Managed Services,LATAM
CTR-2024005,2026-02,51018.63,Managed Services,LATAM
CTR-2024005,2026-03,56885.15,Managed Services,LATAM
CTR-2024006,2024-01,6636.29,Data Analytics,North America
CTR-2024006,2024-02,8426.64,Data Analytics,North America
CTR-2024006,2024-03,7731.48,Data Analytics,North America
CTR-2024006,2024-04,6423.46,Data Analytics,North America
CTR-2024006,2024-05,7548.08,Data Analytics,North America
CTR-2024006,2024-06,6931.75,Data Analytics,North America
CTR-2024006,2024-07,6710.04,Data Analytics,North America
CTR-2024006,2024-08,7353.93,Data Analytics,North America
CTR-2024006,2024-09,7772.21,Data Analytics,North America
CTR-2024006,2024-10,6928.65,Data Analytics,North America
CTR-2024006,2024-11,7325.37,Data Analytics,North America
CTR-2024006,2024-12,7883.93,Data Analytics,North America
CTR-2024006,2025-01,6579.39,Data Analytics,North America
CTR-2024006,2025-02,8583.31,Data Analytics,North America
CTR-2024006,2025-03,6538.96,Data Analytics,North America
CTR-2024006,2025-04,7572.17,Data Analytics,North America
CTR-2024006,2025-05,7529.94,Data Analytics,North America
CTR-2024006,2025-06,8614.14,Data Analytics,North America
CTR-2024006,2025-07,7635.49,Data Analytics,North America
CTR-2024006,2025-08,7266.51,Data Analytics,North America
CTR-2024006,2025-09,7446.11,Data Analytics,North America
CTR-2024006,2025-10,7819.23,Data Analytics,North America
CTR-2024006,2025-11,8597.7,Data Analytics,North America
CTR-2024006,2025-12,6958.15,Data Analytics,North America
CTR-2024006,2026-01,6423.02,Data Analytics,North America
CTR-2024006,2026-02,8163.76,Data Analytics,North America
CTR-2024006,2026-03,7163.61,Data Analytics,North America
CTR-2024007,2024-06,13696.96,Enterprise Software,APAC
CTR-2024007,2024-07,14707.54,Enterprise Software,APAC
CTR-2024007,2024-08,14644.05,Enterprise Software,APAC
CTR-2024007,2024-09,16048.72,Enterprise Software,APAC
CTR-2024007,2024-10,16914.78,Enterprise Software,APAC
CTR-2024007,2024-11,16242.1,Enterprise Software,APAC
CTR-2024007,2024-12,17609.32,Enterprise Software,APAC
CTR-2024007,2025-01,15290.33,Enterprise Software,APAC
CTR-2024007,2025-02,13922.58,Enterprise Software,APAC
CTR-2024007,2025-03,13703.63,Enterprise Software,APAC
CTR-2024007,2025-04,16386.9,Enterprise Software,APAC
CTR-2024007,2025-05,17437.5,Enterprise Software,APAC
CTR-2024007,2025-06,13251.78,Enterprise Software,APAC
CTR-2024007,2025-07,14011.75,Enterprise Software,APAC
CTR-2024007,2025-08,16733.46,Enterprise Software,APAC
CTR-2024007,2025-09,17170.58,Enterprise Software,APAC
CTR-2024007,2025-10,14538.09,Enterprise Software,APAC
CTR-2024007,2025-11,14512.6,Enterprise Software,APAC
CTR-2024007,2025-12,14919.57,Enterprise Software,APAC
CTR-2024007,2026-01,16845.63,Enterprise Software,APAC
CTR-2024007,2026-02,15266.64,Enterprise Software,APAC
CTR-2024007,2026-03,13250.11,Enterprise Software,APAC
CTR-2024008,2025-08,2562.54,Managed Services,APAC
CTR-2024008,2025-09,2903.0,Managed Services,APAC
CTR-2024008,2025-10,2971.24,Managed Services,APAC
CTR-2024008,2025-11,2542.42,Managed Services,APAC
CTR-2024008,2025-12,2375.79,Managed Services,APAC
CTR-2024008,2026-01,2571.41,Managed Services,APAC
CTR-2024008,2026-02,2990.27,Managed Services,APAC
CTR-2024008,2026-03,2872.85,Managed Services,APAC
CTR-2024009,2025-07,428618.62,Data Analytics,APAC
CTR-2024009,2025-08,374856.85,Data Analytics,APAC
CTR-2024009,2025-09,375005.48,Data Analytics,APAC
CTR-2024009,2025-10,423055.43,Data Analytics,APAC
CTR-2024009,2025-11,377454.49,Data Analytics,APAC
CTR-2024009,2025-12,409189.16,Data Analytics,APAC
CTR-2024009,2026-01,400850.33,Data Analytics,APAC
CTR-2024009,2026-02,327877.69,Data Analytics,APAC
CTR-2024009,2026-03,386819.05,Data Analytics,APAC
CTR-2024010,2024-01,369849.58,Managed Services,APAC
CTR-2024010,2024-02,341577.21,Managed Services,APAC
CTR-2024010,2024-03,409678.08,Managed Services,APAC
CTR-2024010,2024-04,368124.27,Managed Services,APAC
CTR-2024010,2024-05,402843.07,Managed Services,APAC
CTR-2024010,2024-06,382148.96,Managed Services,APAC
CTR-2024010,2024-07,413060.03,Managed Services,APAC
CTR-2024010,2024-08,373406.22,Managed Services,APAC
CTR-2024010,2024-09,337155.52,Managed Services,APAC
CTR-2024010,2024-10,434195.78,Managed Services,APAC
CTR-2024010,2024-11,373524.91,Managed Services,APAC
CTR-2024010,2024-12,449216.23,Managed Services,APAC
CTR-2024010,2025-01,364379.46,Managed Services,APAC
CTR-2024010,2025-02,447091.39,Managed Services,APAC
CTR-2024010,2025-03,443325.2,Managed Services,APAC
CTR-2024010,2025-04,340987.74,Managed Services,APAC
CTR-2024010,2025-05,406933.8,Managed Services,APAC
CTR-2024010,2025-06,374785.49,Managed Services,APAC
CTR-2024010,2025-07,426112.88,Managed Services,APAC
CTR-2024010,2025-08,411846.07,Managed Services,APAC
CTR-2024010,2025-09,443897.93,Managed Services,APAC
CTR-2024010,2025-10,348929.61,Managed Services,APAC
CTR-2024010,2025-11,403423.57,Managed Services,APAC
CTR-2024010,2025-12,423793.33,Managed Services,APAC
CTR-2024010,2026-01,336269.61,Managed Services,APAC
CTR-2024010,2026-02,340072.32,Managed Services,APAC
CTR-2024010,2026-03,423465.45,Managed Services,APAC
CTR-2024011,2024-01,68570.62,Cloud Platform,APAC
CTR-2024011,2024-02,72501.9,Cloud Platform,APAC
CTR-2024011,2024-03,73308.89,Cloud Platform,APAC
CTR-2024011,2024-04,74885.9,Cloud Platform,APAC
CTR-2024011,2024-05,80637.34,Cloud Platform,APAC
CTR-2024011,2024-06,68339.48,Cloud Platform,APAC
CTR-2024011,2024-07,76677.3,Cloud Platform,APAC
CTR-2024011,2024-08,72644.26,Cloud Platform,APAC
CTR-2024011,2024-09,71696.32,Cloud Platform,APAC
CTR-2024011,2024-10,68894.26,Cloud Platform,APAC
CTR-2024011,2024-11,74256.92,Cloud Platform,APAC
CTR-2024011,2024-12,65729.82,Cloud Platform,APAC
CTR-2024011,2025-01,62826.76,Cloud Platform,APAC
CTR-2024011,2025-02,76092.91,Cloud Platform,APAC
CTR-2024011,2025-03,71047.83,Cloud Platform,APAC
CTR-2024011,2025-04,68658.74,Cloud Platform,APAC
CTR-2024011,2025-05,72383.11,Cloud Platform,APAC
CTR-2024011,2025-06,65989.18,Cloud Platform,APAC
CTR-2024011,2025-07,65957.48,Cloud Platform,APAC
CTR-2024011,2025-08,69922.73,Cloud Platform,APAC
CTR-2024011,2025-09,81650.95,Cloud Platform,APAC
CTR-2024011,2025-10,66496.62,Cloud Platform,APAC
CTR-2024011,2025-11,79947.74,Cloud Platform,APAC
CTR-2024011,2025-12,70880.6,Cloud Platform,APAC
CTR-2024011,2026-01,63022.67,Cloud Platform,APAC
CTR-2024011,2026-02,78590.64,Cloud Platform,APAC
CTR-2024011,2026-03,70045.74,Cloud Platform,APAC
CTR-2024012,2024-02,18152.95,Data Analytics,North America
CTR-2024012,2024-03,18935.33,Data Analytics,North America
CTR-2024012,2024-04,19030.06,Data Analytics,North America
CTR-2024012,2024-05,17442.18,Data Analytics,North America
CTR-2024012,2024-06,17649.92,Data Analytics,North America
CTR-2024012,2024-07,16855.11,Data Analytics,North America
CTR-2024012,2024-08,15561.66,Data Analytics,North America
CTR-2024012,2024-09,15609.46,Data Analytics,North America
CTR-2024012,2024-10,14899.79,Data Analytics,North America
CTR-2024012,2024-11,17650.04,Data Analytics,North America
CTR-2024012,2024-12,17603.49,Data Analytics,North America
CTR-2024012,2025-01,14982.42,Data Analytics,North America
CTR-2024012,2025-02,15916.01,Data Analytics,North America
CTR-2024012,2025-03,15232.26,Data Analytics,North America
CTR-2024012,2025-04,19022.87,Data Analytics,North America
CTR-2024012,2025-05,18061.05,Data Analytics,North America
CTR-2024012,2025-06,15294.5,Data Analytics,North America
CTR-2024012,2025-07,16576.25,Data Analytics,North America
CTR-2024012,2025-08,15913.05,Data Analytics,North America
CTR-2024012,2025-09,16966.11,Data Analytics,North America
CTR-2024012,2025-10,16443.66,Data Analytics,North America
CTR-2024012,2025-11,19012.31,Data Analytics,North America
CTR-2024012,2025-12,14761.62,Data Analytics,North America
CTR-2024012,2026-01,18520.28,Data Analytics,North America
CTR-2024012,2026-02,14442.67,Data Analytics,North America
CTR-2024012,2026-03,16098.69,Data Analytics,North America
CTR-2024013,2024-01,1013.79,Data Analytics,LATAM
CTR-2024013,2024-02,1029.04,Data Analytics,LATAM
CTR-2024013,2024-03,818.09,Data Analytics,LATAM
CTR-2024013,2024-04,1070.98,Data Analytics,LATAM
CTR-2024013,2024-05,978.1,Data Analytics,LATAM
CTR-2024013,2024-06,923.97,Data Analytics,LATAM
CTR-2024013,2024-07,988.73,Data Analytics,LATAM
CTR-2024013,2024-08,894.29,Data Analytics,LATAM
CTR-2024013,2024-09,1044.41,Data Analytics,LATAM
CTR-2024013,2024-10,1016.91,Data Analytics,LATAM
CTR-2024013,2024-11,977.38,Data Analytics,LATAM
CTR-2024013,2024-12,848.54,Data Analytics,LATAM
CTR-2024013,2025-01,1069.26,Data Analytics,LATAM
CTR-2024013,2025-02,919.08,Data Analytics,LATAM
CTR-2024013,2025-03,1053.62,Data Analytics,LATAM
CTR-2024013,2025-04,812.93,Data Analytics,LATAM
CTR-2024013,2025-05,832.28,Data Analytics,LATAM
CTR-2024013,2025-06,840.4,Data Analytics,LATAM
CTR-2024013,2025-07,843.67,Data Analytics,LATAM
CTR-2024013,2025-08,888.14,Data Analytics,LATAM
CTR-2024013,2025-09,996.95,Data Analytics,LATAM
CTR-2024013,2025-10,894.71,Data Analytics,LATAM
CTR-2024013,2025-11,1062.12,Data Analytics,LATAM
CTR-2024013,2025-12,1049.18,Data Analytics,LATAM
CTR-2024013,2026-01,1035.39,Data Analytics,LATAM
CTR-2024013,2026-02,867.86,Data Analytics,LATAM
CTR-2024013,2026-03,976.05,Data Analytics,LATAM
CTR-2024014,2025-04,2689.23,Cybersecurity,APAC
CTR-2024014,2025-05,2850.71,Cybersecurity,APAC
CTR-2024014,2025-06,3060.37,Cybersecurity,APAC
CTR-2024014,2025-07,3032.28,Cybersecurity,APAC
CTR-2024014,2025-08,2728.74,Cybersecurity,APAC
CTR-2024014,2025-09,3431.36,Cybersecurity,APAC
CTR-2024014,2025-10,2715.61,Cybersecurity,APAC
CTR-2024014,2025-11,3174.23,Cybersecurity,APAC
CTR-2024014,2025-12,3230.49,Cybersecurity,APAC
CTR-2024014,2026-01,3125.51,Cybersecurity,APAC
CTR-2024014,2026-02,3341.3,Cybersecurity,APAC
CTR-2024014,2026-03,3087.77,Cybersecurity,APAC
CTR-2024015,2024-01,2263.56,Enterprise Software,North America
CTR-2024015,2024-02,2732.18,Enterprise Software,North America
CTR-2024015,2024-03,2681.32,Enterprise Software,North America
CTR-2024015,2024-04,2739.78,Enterprise Software,North America
CTR-2024015,2024-05,2830.86,Enterprise Software,North America
CTR-2024015,2024-06,2555.37,Enterprise Software,North America
CTR-2024015,2024-07,2730.24,Enterprise Software,North America
CTR-2024015,2024-08,2619.41,Enterprise Software,North America
CTR-2024015,2024-09,2720.94,Enterprise Software,North America
CTR-2024015,2024-10,2455.57,Enterprise Software,North America
CTR-2024015,2024-11,2980.01,Enterprise Software,North America
CTR-2024015,2024-12,2607.54,Enterprise Software,North America
CTR-2024015,2025-01,2860.52,Enterprise Software,North America
CTR-2024015,2025-02,2766.41,Enterprise Software,North America
CTR-2024015,2025-03,2461.68,Enterprise Software,North America
CTR-2024015,2025-04,2285.19,Enterprise Software,North America
CTR-2024015,2025-05,2274.92,Enterprise Software,North America
CTR-2024015,2025-06,2573.47,Enterprise Software,North America
CTR-2024015,2025-07,2608.57,Enterprise Software,North America
CTR-2024015,2025-08,2388.23,Enterprise Software,North America
CTR-2024015,2025-09,2704.82,Enterprise Software,North America
CTR-2024015,2025-10,2473.59,Enterprise Software,North America
CTR-2024015,2025-11,2792.65,Enterprise Software,North America
CTR-2024015,2025-12,2805.1,Enterprise Software,North America
CTR-2024015,2026-01,2904.63,Enterprise Software,North America
CTR-2024015,2026-02,2994.73,Enterprise Software,North America
CTR-2024015,2026-03,2330.63,Enterprise Software,North America
CTR-2024016,2024-01,346358.25,Cloud Platform,North America
CTR-2024016,2024-02,362548.27,Cloud Platform,North America
CTR-2024016,2024-03,340684.12,Cloud Platform,North America
CTR-2024016,2024-04,338535.87,Cloud Platform,North America
CTR-2024016,2024-05,321933.78,Cloud Platform,North America
CTR-2024016,2024-06,343182.59,Cloud Platform,North America
CTR-2024016,2024-07,353503.5,Cloud Platform,North America
CTR-2024016,2024-08,378908.38,Cloud Platform,North America
CTR-2024016,2024-09,338574.47,Cloud Platform,North America
CTR-2024016,2024-10,406368.09,Cloud Platform,North America
CTR-2024016,2024-11,328843.26,Cloud Platform,North America
CTR-2024016,2024-12,347272.36,Cloud Platform,North America
CTR-2024016,2025-01,374767.35,Cloud Platform,North America
CTR-2024016,2025-02,345654.98,Cloud Platform,North America
CTR-2024016,2025-03,395140.94,Cloud Platform,North America
CTR-2024016,2025-04,366041.35,Cloud Platform,North America
CTR-2024016,2025-05,367849.72,Cloud Platform,North America
CTR-2024016,2025-06,366095.64,Cloud Platform,North America
CTR-2024016,2025-07,345196.34,Cloud Platform,North America
CTR-2024016,2025-08,313843.49,Cloud Platform,North America
CTR-2024016,2025-09,415149.45,Cloud Platform,North America
CTR-2024016,2025-10,366830.09,Cloud Platform,North America
CTR-2024016,2025-11,417506.57,Cloud Platform,North America
CTR-2024016,2025-12,334934.95,Cloud Platform,North America
CTR-2024016,2026-01,350069.56,Cloud Platform,North America
CTR-2024016,2026-02,316849.98,Cloud Platform,North America
CTR-2024016,2026-03,365670.94,Cloud Platform,North America
CTR-2024017,2025-09,1576.16,Data Analytics,APAC
CTR-2024017,2025-10,1721.38,Data Analytics,APAC
CTR-2024017,2025-11,1526.7,Data Analytics,APAC
CTR-2024017,2025-12,1737.88,Data Analytics,APAC
CTR-2024017,2026-01,1665.41,Data Analytics,APAC
CTR-2024017,2026-02,1682.41,Data Analytics,APAC
CTR-2024017,2026-03,1496.3,Data Analytics,APAC
CTR-2024018,2024-01,2876.17,Data Analytics,North America
CTR-2024018,2024-02,2558.76,Data Analytics,North America
CTR-2024018,2024-03,2861.76,Data Analytics,North America
CTR-2024018,2024-04,2456.4,Data Analytics,North America
CTR-2024018,2024-05,2820.38,Data Analytics,North America
CTR-2024018,2024-06,3040.21,Data Analytics,North America
CTR-2024018,2024-07,2630.64,Data Analytics,North America
CTR-2024018,2024-08,3230.08,Data Analytics,North America
CTR-2024018,2024-09,2969.23,Data Analytics,North America
CTR-2024018,2024-10,2494.67,Data Analytics,North America
CTR-2024018,2024-11,3218.24,Data Analytics,North America
CTR-2024018,2024-12,2727.13,Data Analytics,North America
CTR-2024018,2025-01,3065.98,Data Analytics,North America
CTR-2024018,2025-02,2680.8,Data Analytics,North America
CTR-2024018,2025-03,3187.71,Data Analytics,North America
CTR-2024018,2025-04,3032.24,Data Analytics,North America
CTR-2024018,2025-05,2562.48,Data Analytics,North America
CTR-2024018,2025-06,2824.49,Data Analytics,North America
CTR-2024018,2025-07,2816.85,Data Analytics,North America
CTR-2024018,2025-08,2432.55,Data Analytics,North America
CTR-2024018,2025-09,2510.07,Data Analytics,North America
CTR-2024018,2025-10,2675.7,Data Analytics,North America
CTR-2024018,2025-11,2794.6,Data Analytics,North America
CTR-2024018,2025-12,2780.44,Data Analytics,North America
CTR-2024018,2026-01,2906.58,Data Analytics,North America
CTR-2024018,2026-02,2829.89,Data Analytics,North America
CTR-2024018,2026-03,2671.41,Data Analytics,North America
CTR-2024019,2025-12,136088.58,Cybersecurity,APAC
CTR-2024019,2026-01,173706.4,Cybersecurity,APAC
CTR-2024019,2026-02,162291.04,Cybersecurity,APAC
CTR-2024019,2026-03,142299.77,Cybersecurity,APAC
CTR-2024020,2024-01,11147.14,Cloud Platform,LATAM
CTR-2024020,2024-02,9860.15,Cloud Platform,LATAM
CTR-2024020,2024-03,11483.91,Cloud Platform,LATAM
CTR-2024020,2024-04,10075.94,Cloud Platform,LATAM
CTR-2024020,2024-05,11037.21,Cloud Platform,LATAM
CTR-2024020,2024-06,12000.5,Cloud Platform,LATAM
CTR-2024020,2024-07,10753.64,Cloud Platform,LATAM
CTR-2024020,2024-08,11424.13,Cloud Platform,LATAM
CTR-2024020,2024-09,11199.34,Cloud Platform,LATAM
CTR-2024020,2024-10,11082.01,Cloud Platform,LATAM
CTR-2024020,2024-11,9000.55,Cloud Platform,LATAM
CTR-2024020,2024-12,10410.26,Cloud Platform,LATAM
CTR-2024020,2025-01,11960.13,Cloud Platform,LATAM
CTR-2024020,2025-02,11380.54,Cloud Platform,LATAM
CTR-2024020,2025-03,11359.33,Cloud Platform,LATAM
CTR-2024020,2025-04,10734.55,Cloud Platform,LATAM
CTR-2024020,2025-05,11186.99,Cloud Platform,LATAM
CTR-2024020,2025-06,10753.08,Cloud Platform,LATAM
CTR-2024020,2025-07,9453.3,Cloud Platform,LATAM
CTR-2024020,2025-08,10896.28,Cloud Platform,LATAM
CTR-2024020,2025-09,10867.04,Cloud Platform,LATAM
CTR-2024020,2025-10,11563.9,Cloud Platform,LATAM
CTR-2024020,2025-11,9381.75,Cloud Platform,LATAM
CTR-2024020,2025-12,11058.98,Cloud Platform,LATAM
CTR-2024020,2026-01,9016.05,Cloud Platform,LATAM
CTR-2024020,2026-02,11900.76,Cloud Platform,LATAM
CTR-2024020,2026-03,9262.54,Cloud Platform,LATAM
CTR-2024021,2024-01,3586.71,Enterprise Software,LATAM
CTR-2024021,2024-02,3401.77,Enterprise Software,LATAM
CTR-2024021,2024-03,4016.16,Enterprise Software,LATAM
CTR-2024021,2024-04,3696.9,Enterprise Software,LATAM
CTR-2024021,2024-05,4112.43,Enterprise Software,LATAM
CTR-2024021,2024-06,4278.32,Enterprise Software,LATAM
CTR-2024021,2024-07,4223.95,Enterprise Software,LATAM
CTR-2024021,2024-08,4067.83,Enterprise Software,LATAM
CTR-2024021,2024-09,3300.17,Enterprise Software,LATAM
CTR-2024021,2024-10,3386.56,Enterprise Software,LATAM
CTR-2024021,2024-11,3465.5,Enterprise Software,LATAM
CTR-2024021,2024-12,3599.65,Enterprise Software,LATAM
CTR-2024021,2025-01,3983.93,Enterprise Software,LATAM
CTR-2024021,2025-02,3828.08,Enterprise Software,LATAM
CTR-2024021,2025-03,3586.77,Enterprise Software,LATAM
CTR-2024021,2025-04,3426.56,Enterprise Software,LATAM
CTR-2024021,2025-05,4268.75,Enterprise Software,LATAM
CTR-2024021,2025-06,3619.34,Enterprise Software,LATAM
CTR-2024021,2025-07,3632.97,Enterprise Software,LATAM
CTR-2024021,2025-08,4109.03,Enterprise Software,LATAM
CTR-2024021,2025-09,4050.83,Enterprise Software,LATAM
CTR-2024021,2025-10,3962.37,Enterprise Software,LATAM
CTR-2024021,2025-11,4019.36,Enterprise Software,LATAM
CTR-2024021,2025-12,3924.5,Enterprise Software,LATAM
CTR-2024021,2026-01,3448.31,Enterprise Software,LATAM
CTR-2024021,2026-02,3510.15,Enterprise Software,LATAM
CTR-2024021,2026-03,3865.24,Enterprise Software,LATAM
CTR-2024022,2024-01,77810.37,Managed Services,APAC
CTR-2024022,2024-02,76379.73,Managed Services,APAC
CTR-2024022,2024-03,76063.24,Managed Services,APAC
CTR-2024022,2024-04,71719.15,Managed Services,APAC
CTR-2024022,2024-05,71520.56,Managed Services,APAC
CTR-2024022,2024-06,73262.28,Managed Services,APAC
CTR-2024022,2024-07,81335.76,Managed Services,APAC
CTR-2024022,2024-08,76741.6,Managed Services,APAC
CTR-2024022,2024-09,67375.56,Managed Services,APAC
CTR-2024022,2024-10,73542.68,Managed Services,APAC
CTR-2024022,2024-11,72888.9,Managed Services,APAC
CTR-2024022,2024-12,80499.81,Managed Services,APAC
CTR-2024022,2025-01,69679.82,Managed Services,APAC
CTR-2024022,2025-02,68613.47,Managed Services,APAC
CTR-2024022,2025-03,77851.17,Managed Services,APAC
CTR-2024022,2025-04,64325.03,Managed Services,APAC
CTR-2024022,2025-05,62071.15,Managed Services,APAC
CTR-2024022,2025-06,81785.38,Managed Services,APAC
CTR-2024022,2025-07,62869.06,Managed Services,APAC
CTR-2024022,2025-08,81109.62,Managed Services,APAC
CTR-2024022,2025-09,75323.5,Managed Services,APAC
CTR-2024022,2025-10,77295.83,Managed Services,APAC
CTR-2024022,2025-11,65782.38,Managed Services,APAC
CTR-2024022,2025-12,79036.02,Managed Services,APAC
CTR-2024022,2026-01,67015.99,Managed Services,APAC
CTR-2024022,2026-02,73295.32,Managed Services,APAC
CTR-2024022,2026-03,67026.54,Managed Services,APAC
CTR-2024023,2024-01,1904.58,Enterprise Software,EMEA
CTR-2024023,2024-02,2169.22,Enterprise Software,EMEA
CTR-2024023,2024-03,2083.27,Enterprise Software,EMEA
CTR-2024023,2024-04,2149.47,Enterprise Software,EMEA
CTR-2024023,2024-05,1786.95,Enterprise Software,EMEA
CTR-2024023,2024-06,2010.37,Enterprise Software,EMEA
CTR-2024023,2024-07,2198.64,Enterprise Software,EMEA
CTR-2024023,2024-08,1816.7,Enterprise Software,EMEA
CTR-2024023,2024-09,2231.72,Enterprise Software,EMEA
CTR-2024023,2024-10,1757.65,Enterprise Software,EMEA
CTR-2024023,2024-11,2095.23,Enterprise Software,EMEA
CTR-2024023,2024-12,2329.76,Enterprise Software,EMEA
CTR-2024023,2025-01,2006.41,Enterprise Software,EMEA
CTR-2024023,2025-02,2333.43,Enterprise Software,EMEA
CTR-2024023,2025-03,2298.36,Enterprise Software,EMEA
CTR-2024023,2025-04,2050.09,Enterprise Software,EMEA
CTR-2024023,2025-05,1877.95,Enterprise Software,EMEA
CTR-2024023,2025-06,2351.32,Enterprise Software,EMEA
CTR-2024023,2025-07,1953.32,Enterprise Software,EMEA
CTR-2024023,2025-08,2154.4,Enterprise Software,EMEA
CTR-2024023,2025-09,2316.65,Enterprise Software,EMEA
CTR-2024023,2025-10,1809.84,Enterprise Software,EMEA
CTR-2024023,2025-11,2109.96,Enterprise Software,EMEA
CTR-2024023,2025-12,2085.82,Enterprise Software,EMEA
CTR-2024023,2026-01,2202.21,Enterprise Software,EMEA
CTR-2024023,2026-02,2334.45,Enterprise Software,EMEA
CTR-2024023,2026-03,2319.93,Enterprise Software,EMEA
CTR-2024024,2024-01,84279.33,Managed Services,LATAM
CTR-2024024,2024-02,68254.99,Managed Services,LATAM
CTR-2024024,2024-03,85127.43,Managed Services,LATAM
CTR-2024024,2024-04,86886.18,Managed Services,LATAM
CTR-2024024,2024-05,73272.54,Managed Services,LATAM
CTR-2024024,2024-06,75504.27,Managed Services,LATAM
CTR-2024024,2024-07,85512.44,Managed Services,LATAM
CTR-2024024,2024-08,86091.36,Managed Services,LATAM
CTR-2024024,2024-09,85272.71,Managed Services,LATAM
CTR-2024024,2024-10,84154.53,Managed Services,LATAM
CTR-2024024,2024-11,64477.84,Managed Services,LATAM
CTR-2024024,2024-12,77150.54,Managed Services,LATAM
CTR-2024024,2025-01,66701.5,Managed Services,LATAM
CTR-2024024,2025-02,86564.58,Managed Services,LATAM
CTR-2024024,2025-03,70722.26,Managed Services,LATAM
CTR-2024024,2025-04,86703.07,Managed Services,LATAM
CTR-2024024,2025-05,76591.15,Managed Services,LATAM
CTR-2024024,2025-06,75470.9,Managed Services,LATAM
CTR-2024024,2025-07,85556.71,Managed Services,LATAM
CTR-2024025,2024-11,326842.17,Cybersecurity,LATAM
CTR-2024025,2024-12,383239.53,Cybersecurity,LATAM
CTR-2024025,2025-01,332929.03,Cybersecurity,LATAM
CTR-2024025,2025-02,375064.22,Cybersecurity,LATAM
CTR-2024025,2025-03,366348.15,Cybersecurity,LATAM
CTR-2024025,2025-04,373746.71,Cybersecurity,LATAM
CTR-2024025,2025-05,299615.28,Cybersecurity,LATAM
CTR-2024025,2025-06,333605.42,Cybersecurity,LATAM
CTR-2024025,2025-07,329176.78,Cybersecurity,LATAM
CTR-2024025,2025-08,369096.15,Cybersecurity,LATAM
CTR-2024025,2025-09,318458.4,Cybersecurity,LATAM
CTR-2024025,2025-10,362420.07,Cybersecurity,LATAM
CTR-2024025,2025-11,365342.26,Cybersecurity,LATAM
CTR-2024025,2025-12,340800.41,Cybersecurity,LATAM
CTR-2024025,2026-01,343137.73,Cybersecurity,LATAM
CTR-2024025,2026-02,332638.89,Cybersecurity,LATAM
CTR-2024025,2026-03,340310.37,Cybersecurity,LATAM
CTR-2024026,2025-07,16147.24,Enterprise Software,EMEA
CTR-2024026,2025-08,14013.06,Enterprise Software,EMEA
CTR-2024026,2025-09,15953.14,Enterprise Software,EMEA
CTR-2024026,2025-10,12021.12,Enterprise Software,EMEA
CTR-2024026,2025-11,13615.71,Enterprise Software,EMEA
CTR-2024026,2025-12,13883.04,Enterprise Software,EMEA
CTR-2024026,2026-01,13122.28,Enterprise Software,EMEA
CTR-2024026,2026-02,13387.37,Enterprise Software,EMEA
CTR-2024026,2026-03,14457.5,Enterprise Software,EMEA
CTR-2024027,2024-11,3777.0,Cybersecurity,North America
CTR-2024027,2024-12,3896.6,Cybersecurity,North America
CTR-2024027,2025-01,3746.19,Cybersecurity,North America
CTR-2024027,2025-02,4272.77,Cybersecurity,North America
CTR-2024027,2025-03,4025.77,Cybersecurity,North America
CTR-2024027,2025-04,3652.72,Cybersecurity,North America
CTR-2024027,2025-05,4295.09,Cybersecurity,North America
CTR-2024027,2025-06,4584.36,Cybersecurity,North America
CTR-2024027,2025-07,4541.27,Cybersecurity,North America
CTR-2024027,2025-08,4397.32,Cybersecurity,North America
CTR-2024027,2025-09,4300.23,Cybersecurity,North America
CTR-2024027,2025-10,4237.29,Cybersecurity,North America
CTR-2024027,2025-11,4605.75,Cybersecurity,North America
CTR-2024028,2024-01,2094.16,Cloud Platform,EMEA
CTR-2024028,2024-02,2035.47,Cloud Platform,EMEA
CTR-2024028,2024-03,2048.92,Cloud Platform,EMEA
CTR-2024028,2024-04,2456.82,Cloud Platform,EMEA
CTR-2024028,2024-05,2359.4,Cloud Platform,EMEA
CTR-2024028,2024-06,2229.12,Cloud Platform,EMEA
CTR-2024028,2024-07,2320.64,Cloud Platform,EMEA
CTR-2024028,2024-08,2266.84,Cloud Platform,EMEA
CTR-2024028,2024-09,2312.6,Cloud Platform,EMEA
CTR-2024028,2024-10,2399.44,Cloud Platform,EMEA
CTR-2024028,2024-11,2093.67,Cloud Platform,EMEA
CTR-2024028,2024-12,2113.61,Cloud Platform,EMEA
CTR-2024028,2025-01,2461.62,Cloud Platform,EMEA
CTR-2024028,2025-02,2542.85,Cloud Platform,EMEA
CTR-2024028,2025-03,2000.0,Cloud Platform,EMEA
CTR-2024028,2025-04,2250.32,Cloud Platform,EMEA
CTR-2024028,2025-05,2426.65,Cloud Platform,EMEA
CTR-2024028,2025-06,1997.41,Cloud Platform,EMEA
CTR-2024028,2025-07,2330.88,Cloud Platform,EMEA
CTR-2024028,2025-08,1986.2,Cloud Platform,EMEA
CTR-2024028,2025-09,2319.55,Cloud Platform,EMEA
CTR-2024028,2025-10,2290.62,Cloud Platform,EMEA
CTR-2024028,2025-11,2336.74,Cloud Platform,EMEA
CTR-2024028,2025-12,2046.64,Cloud Platform,EMEA
CTR-2024028,2026-01,2168.94,Cloud Platform,EMEA
CTR-2024029,2024-11,13066.78,Cybersecurity,LATAM
CTR-2024029,2024-12,13461.77,Cybersecurity,LATAM
CTR-2024029,2025-01,15135.21,Cybersecurity,LATAM
CTR-2024029,2025-02,12954.71,Cybersecurity,LATAM
CTR-2024029,2025-03,14812.82,Cybersecurity,LATAM
CTR-2024029,2025-04,16134.38,Cybersecurity,LATAM
CTR-2024029,2025-05,14560.56,Cybersecurity,LATAM
CTR-2024029,2025-06,14825.55,Cybersecurity,LATAM
CTR-2024029,2025-07,14575.47,Cybersecurity,LATAM
CTR-2024029,2025-08,12807.61,Cybersecurity,LATAM
CTR-2024029,2025-09,14600.19,Cybersecurity,LATAM
CTR-2024029,2025-10,16126.51,Cybersecurity,LATAM
CTR-2024029,2025-11,15756.0,Cybersecurity,LATAM
CTR-2024029,2025-12,14305.9,Cybersecurity,LATAM
CTR-2024029,2026-01,16168.76,Cybersecurity,LATAM
CTR-2024029,2026-02,15855.79,Cybersecurity,LATAM
CTR-2024029,2026-03,15113.78,Cybersecurity,LATAM
CTR-2024030,2025-02,26950.01,Enterprise Software,LATAM
CTR-2024030,2025-03,24568.93,Enterprise Software,LATAM
CTR-2024030,2025-04,32458.93,Enterprise Software,LATAM
CTR-2024030,2025-05,31953.99,Enterprise Software,LATAM
CTR-2024030,2025-06,24613.54,Enterprise Software,LATAM
CTR-2024030,2025-07,31947.14,Enterprise Software,LATAM
CTR-2024030,2025-08,24297.34,Enterprise Software,LATAM
CTR-2024030,2025-09,27495.63,Enterprise Software,LATAM
CTR-2024030,2025-10,30549.52,Enterprise Software,LATAM
CTR-2024030,2025-11,30522.85,Enterprise Software,LATAM
CTR-2024030,2025-12,32325.02,Enterprise Software,LATAM
CTR-2024030,2026-01,29505.64,Enterprise Software,LATAM
CTR-2024030,2026-02,27593.11,Enterprise Software,LATAM
CTR-2024030,2026-03,32448.18,Enterprise Software,LATAM
CTR-2024031,2025-06,2677.93,Data Analytics,LATAM
CTR-2024031,2025-07,2704.79,Data Analytics,LATAM
CTR-2024031,2025-08,2320.69,Data Analytics,LATAM
CTR-2024031,2025-09,2542.77,Data Analytics,LATAM
CTR-2024031,2025-10,2527.63,Data Analytics,LATAM
CTR-2024031,2025-11,2439.04,Data Analytics,LATAM
CTR-2024031,2025-12,2521.65,Data Analytics,LATAM
CTR-2024031,2026-01,2300.53,Data Analytics,LATAM
CTR-2024031,2026-02,2178.1,Data Analytics,LATAM
CTR-2024031,2026-03,2437.57,Data Analytics,LATAM
CTR-2024032,2024-02,1762.23,Cybersecurity,EMEA
CTR-2024032,2024-03,1512.25,Cybersecurity,EMEA
CTR-2024032,2024-04,1403.77,Cybersecurity,EMEA
CTR-2024032,2024-05,1413.3,Cybersecurity,EMEA
CTR-2024032,2024-06,1549.7,Cybersecurity,EMEA
CTR-2024032,2024-07,1735.33,Cybersecurity,EMEA
CTR-2024032,2024-08,1671.47,Cybersecurity,EMEA
CTR-2024032,2024-09,1665.28,Cybersecurity,EMEA
CTR-2024032,2024-10,1809.49,Cybersecurity,EMEA
CTR-2024032,2024-11,1524.53,Cybersecurity,EMEA
CTR-2024032,2024-12,1573.35,Cybersecurity,EMEA
CTR-2024032,2025-01,1538.46,Cybersecurity,EMEA
CTR-2024032,2025-02,1865.92,Cybersecurity,EMEA
CTR-2024033,2024-01,413628.57,Enterprise Software,North America
CTR-2024033,2024-02,369318.45,Enterprise Software,North America
CTR-2024033,2024-03,408697.85,Enterprise Software,North America
CTR-2024033,2024-04,422062.63,Enterprise Software,North America
CTR-2024033,2024-05,323491.67,Enterprise Software,North America
CTR-2024033,2024-06,345114.99,Enterprise Software,North America
CTR-2024033,2024-07,333171.61,Enterprise Software,North America
CTR-2024033,2024-08,325527.61,Enterprise Software,North America
CTR-2024033,2024-09,389591.54,Enterprise Software,North America
CTR-2024033,2024-10,401570.85,Enterprise Software,North America
CTR-2024033,2024-11,327242.17,Enterprise Software,North America
CTR-2024033,2024-12,405801.0,Enterprise Software,North America
CTR-2024033,2025-01,367390.97,Enterprise Software,North America
CTR-2024033,2025-02,348323.55,Enterprise Software,North America
CTR-2024033,2025-03,346385.3,Enterprise Software,North America
CTR-2024033,2025-04,419788.71,Enterprise Software,North America
CTR-2024033,2025-05,328124.17,Enterprise Software,North America
CTR-2024033,2025-06,378930.76,Enterprise Software,North America
CTR-2024033,2025-07,354560.0,Enterprise Software,North America
CTR-2024033,2025-08,414344.83,Enterprise Software,North America
CTR-2024033,2025-09,404776.41,Enterprise Software,North America
CTR-2024033,2025-10,357925.55,Enterprise Software,North America
CTR-2024033,2025-11,389606.61,Enterprise Software,North America
CTR-2024033,2025-12,398078.8,Enterprise Software,North America
CTR-2024033,2026-01,358125.55,Enterprise Software,North America
CTR-2024033,2026-02,355979.44,Enterprise Software,North America
CTR-2024033,2026-03,337981.87,Enterprise Software,North America
CTR-2024034,2024-01,2320.37,Cybersecurity,EMEA
CTR-2024034,2024-02,2221.46,Cybersecurity,EMEA
CTR-2024034,2024-03,2422.68,Cybersecurity,EMEA
CTR-2024034,2024-04,2447.65,Cybersecurity,EMEA
CTR-2024034,2024-05,2550.24,Cybersecurity,EMEA
CTR-2024034,2024-06,2149.98,Cybersecurity,EMEA
CTR-2024034,2024-07,2509.89,Cybersecurity,EMEA
CTR-2024034,2024-08,2422.06,Cybersecurity,EMEA
CTR-2024034,2024-09,2058.33,Cybersecurity,EMEA
CTR-2024034,2024-10,2270.96,Cybersecurity,EMEA
CTR-2024034,2024-11,2484.56,Cybersecurity,EMEA
CTR-2024034,2024-12,2297.21,Cybersecurity,EMEA
CTR-2024034,2025-01,2399.63,Cybersecurity,EMEA
CTR-2024034,2025-02,2522.43,Cybersecurity,EMEA
CTR-2024034,2025-03,2316.58,Cybersecurity,EMEA
CTR-2024034,2025-04,2239.14,Cybersecurity,EMEA
CTR-2024034,2025-05,2156.23,Cybersecurity,EMEA
CTR-2024034,2025-06,2409.25,Cybersecurity,EMEA
CTR-2024034,2025-07,2197.03,Cybersecurity,EMEA
CTR-2024034,2025-08,2185.86,Cybersecurity,EMEA
CTR-2024034,2025-09,2637.66,Cybersecurity,EMEA
CTR-2024035,2025-08,1863.69,Managed Services,LATAM
CTR-2024035,2025-09,1688.49,Managed Services,LATAM
CTR-2024035,2025-10,1890.07,Managed Services,LATAM
CTR-2024035,2025-11,1685.95,Managed Services,LATAM
CTR-2024035,2025-12,1475.52,Managed Services,LATAM
CTR-2024035,2026-01,1529.6,Managed Services,LATAM
CTR-2024035,2026-02,1509.95,Managed Services,LATAM
CTR-2024035,2026-03,1730.41,Managed Services,LATAM
CTR-2024036,2024-10,1172.75,Data Analytics,APAC
CTR-2024036,2024-11,1426.12,Data Analytics,APAC
CTR-2024036,2024-12,1212.04,Data Analytics,APAC
CTR-2024036,2025-01,1243.29,Data Analytics,APAC
CTR-2024036,2025-02,1405.72,Data Analytics,APAC
CTR-2024036,2025-03,1377.36,Data Analytics,APAC
CTR-2024036,2025-04,1485.86,Data Analytics,APAC
CTR-2024036,2025-05,1211.11,Data Analytics,APAC
CTR-2024036,2025-06,1441.0,Data Analytics,APAC
CTR-2024036,2025-07,1426.01,Data Analytics,APAC
CTR-2024036,2025-08,1359.69,Data Analytics,APAC
CTR-2024036,2025-09,1327.84,Data Analytics,APAC
CTR-2024036,2025-10,1484.2,Data Analytics,APAC
CTR-2024036,2025-11,1269.15,Data Analytics,APAC
CTR-2024036,2025-12,1519.29,Data Analytics,APAC
CTR-2024036,2026-01,1141.83,Data Analytics,APAC
CTR-2024036,2026-02,1511.33,Data Analytics,APAC
CTR-2024036,2026-03,1521.32,Data Analytics,APAC
CTR-2024037,2025-05,312594.17,Enterprise Software,LATAM
CTR-2024037,2025-06,294343.26,Enterprise Software,LATAM
CTR-2024037,2025-07,295022.39,Enterprise Software,LATAM
CTR-2024037,2025-08,269404.76,Enterprise Software,LATAM
CTR-2024037,2025-09,256284.6,Enterprise Software,LATAM
CTR-2024037,2025-10,263147.75,Enterprise Software,LATAM
CTR-2024037,2025-11,259931.89,Enterprise Software,LATAM
CTR-2024037,2025-12,275211.49,Enterprise Software,LATAM
CTR-2024037,2026-01,290431.01,Enterprise Software,LATAM
CTR-2024037,2026-02,262047.37,Enterprise Software,LATAM
CTR-2024037,2026-03,266319.72,Enterprise Software,LATAM
CTR-2024038,2024-07,7940.33,Data Analytics,LATAM
CTR-2024038,2024-08,10330.9,Data Analytics,LATAM
CTR-2024038,2024-09,8944.76,Data Analytics,LATAM
CTR-2024038,2024-10,9947.45,Data Analytics,LATAM
CTR-2024038,2024-11,10149.48,Data Analytics,LATAM
CTR-2024038,2024-12,8677.22,Data Analytics,LATAM
CTR-2024038,2025-01,8794.29,Data Analytics,LATAM
CTR-2024038,2025-02,9196.71,Data Analytics,LATAM
CTR-2024038,2025-03,8272.53,Data Analytics,LATAM
CTR-2024038,2025-04,8068.46,Data Analytics,LATAM
CTR-2024038,2025-05,8379.51,Data Analytics,LATAM
CTR-2024038,2025-06,10204.8,Data Analytics,LATAM
CTR-2024038,2025-07,9241.72,Data Analytics,LATAM
CTR-2024038,2025-08,8804.17,Data Analytics,LATAM
CTR-2024038,2025-09,8086.04,Data Analytics,LATAM
CTR-2024038,2025-10,8566.62,Data Analytics,LATAM
CTR-2024038,2025-11,8701.96,Data Analytics,LATAM
CTR-2024038,2025-12,9930.2,Data Analytics,LATAM
CTR-2024038,2026-01,9025.49,Data Analytics,LATAM
CTR-2024038,2026-02,9446.09,Data Analytics,LATAM
CTR-2024038,2026-03,9527.99,Data Analytics,LATAM
CTR-2024039,2024-01,29311.94,Cloud Platform,LATAM
CTR-2024039,2024-02,26806.33,Cloud Platform,LATAM
CTR-2024040,2024-01,2369.49,Data Analytics,LATAM
CTR-2024040,2024-02,2864.26,Data Analytics,LATAM
CTR-2024040,2024-03,2370.31,Data Analytics,LATAM
CTR-2024040,2024-04,2805.32,Data Analytics,LATAM
CTR-2024040,2024-05,2622.17,Data Analytics,LATAM
CTR-2024040,2024-06,2960.5,Data Analytics,LATAM
CTR-2024040,2024-07,2664.66,Data Analytics,LATAM
CTR-2024040,2024-08,2743.34,Data Analytics,LATAM
CTR-2024040,2024-09,2283.05,Data Analytics,LATAM
CTR-2024040,2024-10,2263.39,Data Analytics,LATAM
CTR-2024040,2024-11,2905.09,Data Analytics,LATAM
CTR-2024040,2024-12,2982.84,Data Analytics,LATAM
CTR-2024040,2025-01,2764.19,Data Analytics,LATAM
CTR-2024040,2025-02,2840.07,Data Analytics,LATAM
CTR-2024040,2025-03,2562.24,Data Analytics,LATAM
CTR-2024040,2025-04,2901.81,Data Analytics,LATAM
CTR-2024040,2025-05,2419.39,Data Analytics,LATAM
CTR-2024040,2025-06,2794.94,Data Analytics,LATAM
CTR-2024041,2024-01,1256.23,Enterprise Software,EMEA
CTR-2024041,2024-02,1206.37,Enterprise Software,EMEA
CTR-2024041,2024-03,1298.4,Enterprise Software,EMEA
CTR-2024041,2024-04,1316.81,Enterprise Software,EMEA
CTR-2024041,2024-05,1297.91,Enterprise Software,EMEA
CTR-2024041,2024-06,1247.75,Enterprise Software,EMEA
CTR-2024041,2024-07,1249.5,Enterprise Software,EMEA
CTR-2024041,2024-08,1068.45,Enterprise Software,EMEA
CTR-2024041,2024-09,1273.5,Enterprise Software,EMEA
CTR-2024041,2024-10,1070.42,Enterprise Software,EMEA
CTR-2024041,2024-11,1265.14,Enterprise Software,EMEA
CTR-2024041,2024-12,1169.32,Enterprise Software,EMEA
CTR-2024041,2025-01,1433.71,Enterprise Software,EMEA
CTR-2024041,2025-02,1072.41,Enterprise Software,EMEA
CTR-2024041,2025-03,1371.89,Enterprise Software,EMEA
CTR-2024041,2025-04,1319.54,Enterprise Software,EMEA
CTR-2024041,2025-05,1369.26,Enterprise Software,EMEA
CTR-2024041,2025-06,1408.24,Enterprise Software,EMEA
CTR-2024041,2025-07,1106.22,Enterprise Software,EMEA
CTR-2024041,2025-08,1102.19,Enterprise Software,EMEA
CTR-2024041,2025-09,1121.98,Enterprise Software,EMEA
CTR-2024041,2025-10,1138.17,Enterprise Software,EMEA
CTR-2024041,2025-11,1264.02,Enterprise Software,EMEA
CTR-2024041,2025-12,1372.66,Enterprise Software,EMEA
CTR-2024041,2026-01,1166.53,Enterprise Software,EMEA
CTR-2024041,2026-02,1215.28,Enterprise Software,EMEA
CTR-2024042,2024-01,79985.26,Cloud Platform,LATAM
CTR-2024042,2024-02,74742.77,Cloud Platform,LATAM
CTR-2024042,2024-03,85773.13,Cloud Platform,LATAM
CTR-2024042,2024-04,76121.89,Cloud Platform,LATAM
CTR-2024042,2024-05,88951.46,Cloud Platform,LATAM
CTR-2024042,2024-06,70792.72,Cloud Platform,LATAM
CTR-2024042,2024-07,92926.33,Cloud Platform,LATAM
CTR-2024042,2024-08,84622.98,Cloud Platform,LATAM
CTR-2024042,2024-09,69603.93,Cloud Platform,LATAM
CTR-2024042,2024-10,78680.18,Cloud Platform,LATAM
CTR-2024042,2024-11,77997.29,Cloud Platform,LATAM
CTR-2024042,2024-12,80398.44,Cloud Platform,LATAM
CTR-2024042,2025-01,84303.6,Cloud Platform,LATAM
CTR-2024042,2025-02,85909.39,Cloud Platform,LATAM
CTR-2024042,2025-03,70842.99,Cloud Platform,LATAM
CTR-2024042,2025-04,89370.97,Cloud Platform,LATAM
CTR-2024042,2025-05,84501.82,Cloud Platform,LATAM
CTR-2024042,2025-06,76882.2,Cloud Platform,LATAM
CTR-2024042,2025-07,92577.82,Cloud Platform,LATAM
CTR-2024042,2025-08,92493.04,Cloud Platform,LATAM
CTR-2024042,2025-09,90572.61,Cloud Platform,LATAM
CTR-2024042,2025-10,91164.44,Cloud Platform,LATAM
CTR-2024042,2025-11,74416.22,Cloud Platform,LATAM
CTR-2024042,2025-12,90730.08,Cloud Platform,LATAM
CTR-2024042,2026-01,85652.9,Cloud Platform,LATAM
CTR-2024042,2026-02,82603.87,Cloud Platform,LATAM
CTR-2024042,2026-03,75420.27,Cloud Platform,LATAM
CTR-2024043,2024-09,78798.22,Enterprise Software,APAC
CTR-2024043,2024-10,71709.26,Enterprise Software,APAC
CTR-2024043,2024-11,60507.83,Enterprise Software,APAC
CTR-2024043,2024-12,79420.03,Enterprise Software,APAC
CTR-2024043,2025-01,66452.2,Enterprise Software,APAC
CTR-2024043,2025-02,80110.4,Enterprise Software,APAC
CTR-2024043,2025-03,72205.91,Enterprise Software,APAC
CTR-2024043,2025-04,75693.76,Enterprise Software,APAC
CTR-2024043,2025-05,74858.99,Enterprise Software,APAC
CTR-2024043,2025-06,68221.5,Enterprise Software,APAC
CTR-2024043,2025-07,61437.44,Enterprise Software,APAC
CTR-2024043,2025-08,63242.67,Enterprise Software,APAC
CTR-2024043,2025-09,64889.75,Enterprise Software,APAC
CTR-2024043,2025-10,77433.19,Enterprise Software,APAC
CTR-2024043,2025-11,68028.56,Enterprise Software,APAC
CTR-2024043,2025-12,78739.41,Enterprise Software,APAC
CTR-2024043,2026-01,66816.25,Enterprise Software,APAC
CTR-2024043,2026-02,75764.59,Enterprise Software,APAC
CTR-2024043,2026-03,62767.69,Enterprise Software,APAC
CTR-2024044,2025-09,7529.97,Enterprise Software,APAC
CTR-2024044,2025-10,8529.93,Enterprise Software,APAC
CTR-2024044,2025-11,9577.35,Enterprise Software,APAC
CTR-2024044,2025-12,8278.25,Enterprise Software,APAC
CTR-2024044,2026-01,9395.64,Enterprise Software,APAC
CTR-2024044,2026-02,9880.38,Enterprise Software,APAC
CTR-2024044,2026-03,8424.6,Enterprise Software,APAC
CTR-2024045,2024-07,374738.76,Cloud Platform,North America
CTR-2024045,2024-08,390887.6,Cloud Platform,North America
CTR-2024045,2024-09,354899.48,Cloud Platform,North America
CTR-2024045,2024-10,330862.75,Cloud Platform,North America
CTR-2024045,2024-11,365975.62,Cloud Platform,North America
CTR-2024045,2024-12,346780.68,Cloud Platform,North America
CTR-2024045,2025-01,326280.39,Cloud Platform,North America
CTR-2024045,2025-02,369524.46,Cloud Platform,North America
CTR-2024045,2025-03,347282.76,Cloud Platform,North America
CTR-2024045,2025-04,389657.65,Cloud Platform,North America
CTR-2024045,2025-05,338129.7,Cloud Platform,North America
CTR-2024045,2025-06,332841.71,Cloud Platform,North America
CTR-2024045,2025-07,314151.22,Cloud Platform,North America
CTR-2024045,2025-08,335167.69,Cloud Platform,North America
CTR-2024045,2025-09,347274.9,Cloud Platform,North America
CTR-2024045,2025-10,390924.58,Cloud Platform,North America
CTR-2024045,2025-11,322880.3,Cloud Platform,North America
CTR-2024045,2025-12,348314.78,Cloud Platform,North America
CTR-2024045,2026-01,345189.11,Cloud Platform,North America
CTR-2024045,2026-02,316098.02,Cloud Platform,North America
CTR-2024045,2026-03,408115.76,Cloud Platform,North America
CTR-2024046,2024-10,9276.41,Data Analytics,APAC
CTR-2024046,2024-11,7575.5,Data Analytics,APAC
CTR-2024046,2024-12,7536.96,Data Analytics,APAC
CTR-2024046,2025-01,8423.86,Data Analytics,APAC
CTR-2024046,2025-02,8749.03,Data Analytics,APAC
CTR-2024046,2025-03,8634.08,Data Analytics,APAC
CTR-2024046,2025-04,7578.24,Data Analytics,APAC
CTR-2024046,2025-05,7542.95,Data Analytics,APAC
CTR-2024046,2025-06,8741.9,Data Analytics,APAC
CTR-2024046,2025-07,8852.1,Data Analytics,APAC
CTR-2024046,2025-08,9336.0,Data Analytics,APAC
CTR-2024046,2025-09,9540.59,Data Analytics,APAC
CTR-2024046,2025-10,7343.53,Data Analytics,APAC
CTR-2024047,2025-04,7771.27,Data Analytics,LATAM
CTR-2024047,2025-05,7654.4,Data Analytics,LATAM
CTR-2024047,2025-06,7298.79,Data Analytics,LATAM
CTR-2024047,2025-07,8230.68,Data Analytics,LATAM
CTR-2024047,2025-08,6617.3,Data Analytics,LATAM
CTR-2024047,2025-09,7216.12,Data Analytics,LATAM
CTR-2024047,2025-10,7569.37,Data Analytics,LATAM
CTR-2024047,2025-11,6459.74,Data Analytics,LATAM
CTR-2024047,2025-12,6673.61,Data Analytics,LATAM
CTR-2024047,2026-01,6672.51,Data Analytics,LATAM
CTR-2024047,2026-02,6409.05,Data Analytics,LATAM
CTR-2024047,2026-03,6454.81,Data Analytics,LATAM
CTR-2024048,2025-01,7955.19,Cloud Platform,LATAM
CTR-2024048,2025-02,9181.35,Cloud Platform,LATAM
CTR-2024048,2025-03,8111.02,Cloud Platform,LATAM
CTR-2024048,2025-04,9591.55,Cloud Platform,LATAM
CTR-2024048,2025-05,9024.52,Cloud Platform,LATAM
CTR-2024048,2025-06,8452.98,Cloud Platform,LATAM
CTR-2024048,2025-07,8759.87,Cloud Platform,LATAM
CTR-2024048,2025-08,8356.64,Cloud Platform,LATAM
CTR-2024048,2025-09,7538.11,Cloud Platform,LATAM
CTR-2024048,2025-10,7211.27,Cloud Platform,LATAM
CTR-2024048,2025-11,8198.79,Cloud Platform,LATAM
CTR-2024048,2025-12,9331.02,Cloud Platform,LATAM
CTR-2024048,2026-01,8158.66,Cloud Platform,LATAM
CTR-2024048,2026-02,9383.29,Cloud Platform,LATAM
CTR-2024048,2026-03,8311.85,Cloud Platform,LATAM
CTR-2024049,2024-01,2300.81,Data Analytics,EMEA
CTR-2024049,2024-02,2523.11,Data Analytics,EMEA
CTR-2024049,2024-03,2590.71,Data Analytics,EMEA
CTR-2024049,2024-04,2431.92,Data Analytics,EMEA
CTR-2024049,2024-05,2210.65,Data Analytics,EMEA
CTR-2024049,2024-06,2372.62,Data Analytics,EMEA
CTR-2024049,2024-07,2314.54,Data Analytics,EMEA
CTR-2024049,2024-08,2619.77,Data Analytics,EMEA
CTR-2024049,2024-09,2544.91,Data Analytics,EMEA
CTR-2024049,2024-10,2790.76,Data Analytics,EMEA
CTR-2024049,2024-11,2654.35,Data Analytics,EMEA
CTR-2024049,2024-12,2319.49,Data Analytics,EMEA
CTR-2024049,2025-01,2286.03,Data Analytics,EMEA
CTR-2024050,2025-12,3608.27,Data Analytics,APAC
CTR-2024050,2026-01,4159.16,Data Analytics,APAC
CTR-2024050,2026-02,4193.9,Data Analytics,APAC
CTR-2024050,2026-03,4136.85,Data Analytics,APAC
CTR-2024051,2024-11,190255.3,Cybersecurity,North America
CTR-2024051,2024-12,165564.4,Cybersecurity,North America
CTR-2024051,2025-01,177962.79,Cybersecurity,North America
CTR-2024051,2025-02,164400.29,Cybersecurity,North America
CTR-2024051,2025-03,157007.64,Cybersecurity,North America
CTR-2024051,2025-04,177182.35,Cybersecurity,North America
CTR-2024051,2025-05,183520.13,Cybersecurity,North America
CTR-2024051,2025-06,182348.91,Cybersecurity,North America
CTR-2024051,2025-07,162927.36,Cybersecurity,North America
CTR-2024051,2025-08,167457.78,Cybersecurity,North America
CTR-2024051,2025-09,174192.64,Cybersecurity,North America
CTR-2024051,2025-10,154529.92,Cybersecurity,North America
CTR-2024051,2025-11,175465.27,Cybersecurity,North America
CTR-2024052,2024-01,2949.29,Data Analytics,LATAM
CTR-2024052,2024-02,3879.27,Data Analytics,LATAM
CTR-2024052,2024-03,3360.41,Data Analytics,LATAM
CTR-2024052,2024-04,3280.85,Data Analytics,LATAM
CTR-2024052,2024-05,3388.19,Data Analytics,LATAM
CTR-2024052,2024-06,3807.94,Data Analytics,LATAM
CTR-2024053,2024-01,126564.14,Data Analytics,North America
CTR-2024053,2024-02,111505.49,Data Analytics,North America
CTR-2024053,2024-03,130223.43,Data Analytics,North America
CTR-2024053,2024-04,117700.07,Data Analytics,North America
CTR-2024053,2024-05,121236.91,Data Analytics,North America
CTR-2024053,2024-06,101917.37,Data Analytics,North America
CTR-2024053,2024-07,125803.97,Data Analytics,North America
CTR-2024053,2024-08,121915.17,Data Analytics,North America
CTR-2024053,2024-09,111347.61,Data Analytics,North America
CTR-2024053,2024-10,121544.92,Data Analytics,North America
CTR-2024053,2024-11,100496.5,Data Analytics,North America
CTR-2024053,2024-12,133300.41,Data Analytics,North America
CTR-2024053,2025-01,122609.11,Data Analytics,North America
CTR-2024053,2025-02,112905.51,Data Analytics,North America
CTR-2024053,2025-03,125235.72,Data Analytics,North America
CTR-2024053,2025-04,132675.59,Data Analytics,North America
CTR-2024053,2025-05,113982.47,Data Analytics,North America
CTR-2024053,2025-06,99317.88,Data Analytics,North America
CTR-2024053,2025-07,107985.53,Data Analytics,North America
CTR-2024053,2025-08,116784.04,Data Analytics,North America
CTR-2024053,2025-09,117067.67,Data Analytics,North America
CTR-2024053,2025-10,119223.16,Data Analytics,North America
CTR-2024053,2025-11,119038.66,Data Analytics,North America
CTR-2024053,2025-12,114517.6,Data Analytics,North America
CTR-2024053,2026-01,112609.23,Data Analytics,North America
CTR-2024053,2026-02,125922.3,Data Analytics,North America
CTR-2024053,2026-03,119505.05,Data Analytics,North America
CTR-2024054,2025-07,7444.29,Cybersecurity,EMEA
CTR-2024054,2025-08,6693.83,Cybersecurity,EMEA
CTR-2024054,2025-09,6881.17,Cybersecurity,EMEA
CTR-2024054,2025-10,7610.6,Cybersecurity,EMEA
CTR-2024054,2025-11,8888.88,Cybersecurity,EMEA
CTR-2024054,2025-12,6908.16,Cybersecurity,EMEA
CTR-2024054,2026-01,8839.57,Cybersecurity,EMEA
CTR-2024054,2026-02,6968.13,Cybersecurity,EMEA
CTR-2024054,2026-03,7366.81,Cybersecurity,EMEA
CTR-2024055,2024-01,1338.39,Data Analytics,EMEA
CTR-2024055,2024-02,1269.44,Data Analytics,EMEA
CTR-2024055,2024-03,1169.42,Data Analytics,EMEA
CTR-2024055,2024-04,1418.54,Data Analytics,EMEA
CTR-2024055,2024-05,1310.99,Data Analytics,EMEA
CTR-2024055,2024-06,1157.27,Data Analytics,EMEA
CTR-2024055,2024-07,1148.3,Data Analytics,EMEA
CTR-2024055,2024-08,1414.06,Data Analytics,EMEA
CTR-2024055,2024-09,1139.48,Data Analytics,EMEA
CTR-2024055,2024-10,1267.35,Data Analytics,EMEA
CTR-2024055,2024-11,1174.1,Data Analytics,EMEA
CTR-2024055,2024-12,1449.68,Data Analytics,EMEA
CTR-2024055,2025-01,1501.5,Data Analytics,EMEA
CTR-2024055,2025-02,1425.92,Data Analytics,EMEA
CTR-2024055,2025-03,1336.35,Data Analytics,EMEA
CTR-2024055,2025-04,1350.68,Data Analytics,EMEA
CTR-2024055,2025-05,1262.53,Data Analytics,EMEA
CTR-2024055,2025-06,1300.59,Data Analytics,EMEA
CTR-2024055,2025-07,1314.83,Data Analytics,EMEA
CTR-2024055,2025-08,1448.77,Data Analytics,EMEA
CTR-2024055,2025-09,1381.74,Data Analytics,EMEA
CTR-2024055,2025-10,1204.84,Data Analytics,EMEA
CTR-2024055,2025-11,1392.73,Data Analytics,EMEA
CTR-2024055,2025-12,1288.3,Data Analytics,EMEA
CTR-2024055,2026-01,1424.68,Data Analytics,EMEA
CTR-2024055,2026-02,1482.82,Data Analytics,EMEA
CTR-2024055,2026-03,1309.85,Data Analytics,EMEA
CTR-2024056,2024-09,6444.39,Data Analytics,LATAM
CTR-2024056,2024-10,6922.07,Data Analytics,LATAM
CTR-2024056,2024-11,7066.38,Data Analytics,LATAM
CTR-2024056,2024-12,8032.47,Data Analytics,LATAM
CTR-2024056,2025-01,8241.96,Data Analytics,LATAM
CTR-2024056,2025-02,7745.4,Data Analytics,LATAM
CTR-2024056,2025-03,8249.89,Data Analytics,LATAM
CTR-2024056,2025-04,7653.52,Data Analytics,LATAM
CTR-2024056,2025-05,7264.97,Data Analytics,LATAM
CTR-2024056,2025-06,6881.82,Data Analytics,LATAM
CTR-2024056,2025-07,6693.07,Data Analytics,LATAM
CTR-2024056,2025-08,7957.39,Data Analytics,LATAM
CTR-2024056,2025-09,7545.86,Data Analytics,LATAM
CTR-2024056,2025-10,8627.8,Data Analytics,LATAM
CTR-2024056,2025-11,7146.0,Data Analytics,LATAM
CTR-2024056,2025-12,7316.85,Data Analytics,LATAM
CTR-2024056,2026-01,7325.72,Data Analytics,LATAM
CTR-2024056,2026-02,6693.69,Data Analytics,LATAM
CTR-2024056,2026-03,7233.61,Data Analytics,LATAM
CTR-2024057,2024-01,37893.88,Data Analytics,EMEA
CTR-2024057,2024-02,36774.33,Data Analytics,EMEA
CTR-2024057,2024-03,32529.48,Data Analytics,EMEA
CTR-2024057,2024-04,35823.59,Data Analytics,EMEA
CTR-2024057,2024-05,30319.55,Data Analytics,EMEA
CTR-2024057,2024-06,30830.7,Data Analytics,EMEA
CTR-2024057,2024-07,30663.57,Data Analytics,EMEA
CTR-2024057,2024-08,32611.92,Data Analytics,EMEA
CTR-2024057,2024-09,31340.83,Data Analytics,EMEA
CTR-2024057,2024-10,36643.92,Data Analytics,EMEA
CTR-2024057,2024-11,34746.54,Data Analytics,EMEA
CTR-2024057,2024-12,33784.55,Data Analytics,EMEA
CTR-2024057,2025-01,30871.43,Data Analytics,EMEA
CTR-2024057,2025-02,33425.79,Data Analytics,EMEA
CTR-2024057,2025-03,31368.98,Data Analytics,EMEA
CTR-2024057,2025-04,36041.96,Data Analytics,EMEA
CTR-2024057,2025-05,36643.88,Data Analytics,EMEA
CTR-2024057,2025-06,36143.35,Data Analytics,EMEA
CTR-2024057,2025-07,39828.13,Data Analytics,EMEA
CTR-2024057,2025-08,35204.62,Data Analytics,EMEA
CTR-2024057,2025-09,34526.45,Data Analytics,EMEA
CTR-2024057,2025-10,30896.67,Data Analytics,EMEA
CTR-2024057,2025-11,32707.51,Data Analytics,EMEA
CTR-2024057,2025-12,34124.96,Data Analytics,EMEA
CTR-2024057,2026-01,29995.99,Data Analytics,EMEA
CTR-2024057,2026-02,33169.45,Data Analytics,EMEA
CTR-2024057,2026-03,29538.53,Data Analytics,EMEA
CTR-2024058,2024-12,13729.49,Managed Services,EMEA
CTR-2024058,2025-01,14288.73,Managed Services,EMEA
CTR-2024058,2025-02,12563.8,Managed Services,EMEA
CTR-2024058,2025-03,12524.41,Managed Services,EMEA
CTR-2024058,2025-04,13238.35,Managed Services,EMEA
CTR-2024058,2025-05,12225.85,Managed Services,EMEA
CTR-2024058,2025-06,13822.35,Managed Services,EMEA
CTR-2024058,2025-07,12500.81,Managed Services,EMEA
CTR-2024058,2025-08,10972.93,Managed Services,EMEA
CTR-2024058,2025-09,10777.96,Managed Services,EMEA
CTR-2024058,2025-10,13525.69,Managed Services,EMEA
CTR-2024058,2025-11,11760.97,Managed Services,EMEA
CTR-2024058,2025-12,11696.11,Managed Services,EMEA
CTR-2024058,2026-01,12684.86,Managed Services,EMEA
CTR-2024058,2026-02,11294.81,Managed Services,EMEA
CTR-2024058,2026-03,12382.74,Managed Services,EMEA
CTR-2024059,2024-05,3482.85,Data Analytics,North America
CTR-2024059,2024-06,3171.15,Data Analytics,North America
CTR-2024059,2024-07,3452.57,Data Analytics,North America
CTR-2024059,2024-08,3910.46,Data Analytics,North America
CTR-2024059,2024-09,3451.48,Data Analytics,North America
CTR-2024059,2024-10,3671.07,Data Analytics,North America
CTR-2024059,2024-11,3674.36,Data Analytics,North America
CTR-2024059,2024-12,3348.54,Data Analytics,North America
CTR-2024059,2025-01,3120.69,Data Analytics,North America
CTR-2024059,2025-02,3331.96,Data Analytics,North America
CTR-2024059,2025-03,3649.8,Data Analytics,North America
CTR-2024059,2025-04,3565.63,Data Analytics,North America
CTR-2024059,2025-05,3150.33,Data Analytics,North America
CTR-2024059,2025-06,3791.75,Data Analytics,North America
CTR-2024059,2025-07,2930.18,Data Analytics,North America
CTR-2024059,2025-08,3165.96,Data Analytics,North America
CTR-2024059,2025-09,3778.86,Data Analytics,North America
CTR-2024059,2025-10,2986.16,Data Analytics,North America
CTR-2024059,2025-11,3782.02,Data Analytics,North America
CTR-2024059,2025-12,3017.25,Data Analytics,North America
CTR-2024059,2026-01,3727.41,Data Analytics,North America
CTR-2024059,2026-02,3111.83,Data Analytics,North America
CTR-2024059,2026-03,3651.46,Data Analytics,North America
CTR-2024060,2024-01,11602.66,Cloud Platform,LATAM
CTR-2024060,2024-02,11499.19,Cloud Platform,LATAM
CTR-2024060,2024-03,11759.87,Cloud Platform,LATAM
CTR-2024060,2024-04,11761.12,Cloud Platform,LATAM
CTR-2024060,2024-05,11190.19,Cloud Platform,LATAM
CTR-2024060,2024-06,12317.68,Cloud Platform,LATAM
CTR-2024060,2024-07,12047.93,Cloud Platform,LATAM
CTR-2024060,2024-08,13044.77,Cloud Platform,LATAM
CTR-2024060,2024-09,12212.61,Cloud Platform,LATAM
CTR-2024060,2024-10,13684.16,Cloud Platform,LATAM
CTR-2024060,2024-11,12079.84,Cloud Platform,LATAM
CTR-2024060,2024-12,11994.77,Cloud Platform,LATAM
CTR-2024060,2025-01,14279.76,Cloud Platform,LATAM
CTR-2024060,2025-02,14772.87,Cloud Platform,LATAM
CTR-2024060,2025-03,13588.4,Cloud Platform,LATAM
CTR-2024060,2025-04,11328.95,Cloud Platform,LATAM
CTR-2024060,2025-05,14685.0,Cloud Platform,LATAM
CTR-2024060,2025-06,13999.97,Cloud Platform,LATAM
CTR-2024060,2025-07,14514.77,Cloud Platform,LATAM
CTR-2024060,2025-08,14799.94,Cloud Platform,LATAM
CTR-2024060,2025-09,14314.69,Cloud Platform,LATAM
CTR-2024061,2024-01,276764.85,Managed Services,EMEA
CTR-2024061,2024-02,318213.68,Managed Services,EMEA
CTR-2024061,2024-03,328724.69,Managed Services,EMEA
CTR-2024061,2024-04,322709.3,Managed Services,EMEA
CTR-2024061,2024-05,315057.31,Managed Services,EMEA
CTR-2024061,2024-06,298290.26,Managed Services,EMEA
CTR-2024061,2024-07,306187.13,Managed Services,EMEA
CTR-2024061,2024-08,278474.08,Managed Services,EMEA
CTR-2024061,2024-09,291536.47,Managed Services,EMEA
CTR-2024061,2024-10,294926.81,Managed Services,EMEA
CTR-2024061,2024-11,311232.46,Managed Services,EMEA
CTR-2024061,2024-12,333360.76,Managed Services,EMEA
CTR-2024061,2025-01,262708.29,Managed Services,EMEA
CTR-2024061,2025-02,300638.2,Managed Services,EMEA
CTR-2024061,2025-03,279327.67,Managed Services,EMEA
CTR-2024061,2025-04,338406.88,Managed Services,EMEA
CTR-2024061,2025-05,287482.96,Managed Services,EMEA
CTR-2024061,2025-06,339656.31,Managed Services,EMEA
CTR-2024061,2025-07,283732.15,Managed Services,EMEA
CTR-2024061,2025-08,254573.09,Managed Services,EMEA
CTR-2024062,2024-01,2945.79,Enterprise Software,LATAM
CTR-2024062,2024-02,2998.83,Enterprise Software,LATAM
CTR-2024062,2024-03,3128.63,Enterprise Software,LATAM
CTR-2024062,2024-04,3082.4,Enterprise Software,LATAM
CTR-2024062,2024-05,2744.38,Enterprise Software,LATAM
CTR-2024062,2024-06,3228.88,Enterprise Software,LATAM
CTR-2024062,2024-07,3107.18,Enterprise Software,LATAM
CTR-2024062,2024-08,2826.77,Enterprise Software,LATAM
CTR-2024062,2024-09,2680.8,Enterprise Software,LATAM
CTR-2024062,2024-10,2647.45,Enterprise Software,LATAM
CTR-2024062,2024-11,2871.44,Enterprise Software,LATAM
CTR-2024062,2024-12,2517.49,Enterprise Software,LATAM
CTR-2024062,2025-01,3130.6,Enterprise Software,LATAM
CTR-2024062,2025-02,3076.14,Enterprise Software,LATAM
CTR-2024062,2025-03,3166.04,Enterprise Software,LATAM
CTR-2024062,2025-04,3054.01,Enterprise Software,LATAM
CTR-2024062,2025-05,2445.59,Enterprise Software,LATAM
CTR-2024062,2025-06,2938.43,Enterprise Software,LATAM
CTR-2024062,2025-07,3117.25,Enterprise Software,LATAM
CTR-2024062,2025-08,2420.4,Enterprise Software,LATAM
CTR-2024062,2025-09,3196.01,Enterprise Software,LATAM
CTR-2024062,2025-10,2540.76,Enterprise Software,LATAM
CTR-2024063,2024-09,19110.11,Data Analytics,North America
CTR-2024063,2024-10,16292.24,Data Analytics,North America
CTR-2024063,2024-11,19129.38,Data Analytics,North America
CTR-2024063,2024-12,18698.3,Data Analytics,North America
CTR-2024063,2025-01,18562.11,Data Analytics,North America
CTR-2024063,2025-02,15663.09,Data Analytics,North America
CTR-2024063,2025-03,18523.52,Data Analytics,North America
CTR-2024063,2025-04,18534.37,Data Analytics,North America
CTR-2024063,2025-05,14621.32,Data Analytics,North America
CTR-2024063,2025-06,15955.7,Data Analytics,North America
CTR-2024063,2025-07,14566.77,Data Analytics,North America
CTR-2024063,2025-08,17474.81,Data Analytics,North America
CTR-2024063,2025-09,17396.89,Data Analytics,North America
CTR-2024063,2025-10,14413.73,Data Analytics,North America
CTR-2024063,2025-11,17280.45,Data Analytics,North America
CTR-2024063,2025-12,17781.96,Data Analytics,North America
CTR-2024063,2026-01,17928.06,Data Analytics,North America
CTR-2024063,2026-02,16299.39,Data Analytics,North America
CTR-2024063,2026-03,14610.62,Data Analytics,North America
CTR-2024064,2024-01,1928.51,Enterprise Software,North America
CTR-2024064,2024-02,1842.75,Enterprise Software,North America
CTR-2024064,2024-03,2169.2,Enterprise Software,North America
CTR-2024064,2024-04,2122.21,Enterprise Software,North America
CTR-2024064,2024-05,2075.13,Enterprise Software,North America
CTR-2024064,2024-06,1798.52,Enterprise Software,North America
CTR-2024064,2024-07,2010.89,Enterprise Software,North America
CTR-2024064,2024-08,1869.75,Enterprise Software,North America
CTR-2024064,2024-09,2337.99,Enterprise Software,North America
CTR-2024064,2024-10,2232.72,Enterprise Software,North America
CTR-2024064,2024-11,2095.79,Enterprise Software,North America
CTR-2024064,2024-12,1938.33,Enterprise Software,North America
CTR-2024064,2025-01,1849.96,Enterprise Software,North America
CTR-2024064,2025-02,2303.56,Enterprise Software,North America
CTR-2024064,2025-03,1858.74,Enterprise Software,North America
CTR-2024064,2025-04,2026.07,Enterprise Software,North America
CTR-2024064,2025-05,1982.84,Enterprise Software,North America
CTR-2024064,2025-06,2035.67,Enterprise Software,North America
CTR-2024064,2025-07,2308.26,Enterprise Software,North America
CTR-2024064,2025-08,2346.95,Enterprise Software,North America
CTR-2024064,2025-09,2199.52,Enterprise Software,North America
CTR-2024064,2025-10,2222.03,Enterprise Software,North America
CTR-2024064,2025-11,1836.72,Enterprise Software,North America
CTR-2024064,2025-12,2149.96,Enterprise Software,North America
CTR-2024064,2026-01,2179.73,Enterprise Software,North America
CTR-2024064,2026-02,1897.3,Enterprise Software,North America
CTR-2024064,2026-03,2015.71,Enterprise Software,North America
CTR-2024065,2024-01,218435.85,Managed Services,EMEA
CTR-2024065,2024-02,200753.8,Managed Services,EMEA
CTR-2024065,2024-03,190645.01,Managed Services,EMEA
CTR-2024065,2024-04,177542.02,Managed Services,EMEA
CTR-2024065,2024-05,217079.73,Managed Services,EMEA
CTR-2024065,2024-06,173047.19,Managed Services,EMEA
CTR-2024065,2024-07,172066.18,Managed Services,EMEA
CTR-2024065,2024-08,207384.65,Managed Services,EMEA
CTR-2024065,2024-09,185357.69,Managed Services,EMEA
CTR-2024065,2024-10,189888.7,Managed Services,EMEA
CTR-2024065,2024-11,210938.74,Managed Services,EMEA
CTR-2024065,2024-12,179319.54,Managed Services,EMEA
CTR-2024065,2025-01,202415.08,Managed Services,EMEA
CTR-2024065,2025-02,179341.69,Managed Services,EMEA
CTR-2024065,2025-03,199876.33,Managed Services,EMEA
CTR-2024065,2025-04,206870.77,Managed Services,EMEA
CTR-2024065,2025-05,181480.74,Managed Services,EMEA
CTR-2024065,2025-06,219680.45,Managed Services,EMEA
CTR-2024065,2025-07,166459.67,Managed Services,EMEA
CTR-2024065,2025-08,214197.53,Managed Services,EMEA
CTR-2024065,2025-09,215871.18,Managed Services,EMEA
CTR-2024065,2025-10,176855.33,Managed Services,EMEA
CTR-2024065,2025-11,200221.32,Managed Services,EMEA
CTR-2024065,2025-12,175877.63,Managed Services,EMEA
CTR-2024065,2026-01,187698.2,Managed Services,EMEA
CTR-2024065,2026-02,202505.24,Managed Services,EMEA
CTR-2024065,2026-03,210515.34,Managed Services,EMEA
CTR-2024066,2024-06,41687.81,Managed Services,LATAM
CTR-2024066,2024-07,39812.65,Managed Services,LATAM
CTR-2024066,2024-08,44953.68,Managed Services,LATAM
CTR-2024066,2024-09,37610.3,Managed Services,LATAM
CTR-2024066,2024-10,48199.41,Managed Services,LATAM
CTR-2024066,2024-11,36846.99,Managed Services,LATAM
CTR-2024066,2024-12,41366.82,Managed Services,LATAM
CTR-2024066,2025-01,40788.94,Managed Services,LATAM
CTR-2024066,2025-02,41700.15,Managed Services,LATAM
CTR-2024066,2025-03,47555.15,Managed Services,LATAM
CTR-2024066,2025-04,42140.76,Managed Services,LATAM
CTR-2024066,2025-05,43765.85,Managed Services,LATAM
CTR-2024066,2025-06,38928.04,Managed Services,LATAM
CTR-2024066,2025-07,42790.2,Managed Services,LATAM
CTR-2024066,2025-08,49476.79,Managed Services,LATAM
CTR-2024066,2025-09,37635.94,Managed Services,LATAM
CTR-2024066,2025-10,44296.88,Managed Services,LATAM
CTR-2024066,2025-11,36869.34,Managed Services,LATAM
CTR-2024066,2025-12,39484.52,Managed Services,LATAM
CTR-2024066,2026-01,48637.82,Managed Services,LATAM
CTR-2024066,2026-02,48975.81,Managed Services,LATAM
CTR-2024066,2026-03,41844.37,Managed Services,LATAM
CTR-2024067,2024-04,35003.89,Cloud Platform,LATAM
CTR-2024067,2024-05,34774.99,Cloud Platform,LATAM
CTR-2024067,2024-06,37335.7,Cloud Platform,LATAM
CTR-2024067,2024-07,36229.97,Cloud Platform,LATAM
CTR-2024067,2024-08,32092.42,Cloud Platform,LATAM
CTR-2024067,2024-09,31349.94,Cloud Platform,LATAM
CTR-2024067,2024-10,31300.77,Cloud Platform,LATAM
CTR-2024067,2024-11,40349.19,Cloud Platform,LATAM
CTR-2024067,2024-12,40922.99,Cloud Platform,LATAM
CTR-2024067,2025-01,32121.4,Cloud Platform,LATAM
CTR-2024067,2025-02,33963.25,Cloud Platform,LATAM
CTR-2024067,2025-03,36754.26,Cloud Platform,LATAM
CTR-2024067,2025-04,38654.29,Cloud Platform,LATAM
CTR-2024067,2025-05,37435.68,Cloud Platform,LATAM
CTR-2024067,2025-06,37363.83,Cloud Platform,LATAM
CTR-2024067,2025-07,33785.05,Cloud Platform,LATAM
CTR-2024067,2025-08,35153.39,Cloud Platform,LATAM
CTR-2024067,2025-09,40698.52,Cloud Platform,LATAM
CTR-2024067,2025-10,33016.25,Cloud Platform,LATAM
CTR-2024067,2025-11,33079.04,Cloud Platform,LATAM
CTR-2024067,2025-12,40388.99,Cloud Platform,LATAM
CTR-2024067,2026-01,31698.05,Cloud Platform,LATAM
CTR-2024067,2026-02,37032.19,Cloud Platform,LATAM
CTR-2024067,2026-03,31042.9,Cloud Platform,LATAM
CTR-2024068,2024-01,4156.43,Managed Services,North America
CTR-2024068,2024-02,4338.32,Managed Services,North America
CTR-2024069,2025-02,49790.84,Enterprise Software,EMEA
CTR-2024069,2025-03,47552.21,Enterprise Software,EMEA
CTR-2024069,2025-04,50102.02,Enterprise Software,EMEA
CTR-2024069,2025-05,54667.04,Enterprise Software,EMEA
CTR-2024069,2025-06,46244.42,Enterprise Software,EMEA
CTR-2024069,2025-07,47928.5,Enterprise Software,EMEA
CTR-2024069,2025-08,53579.48,Enterprise Software,EMEA
CTR-2024069,2025-09,55428.96,Enterprise Software,EMEA
CTR-2024069,2025-10,53327.65,Enterprise Software,EMEA
CTR-2024069,2025-11,44133.15,Enterprise Software,EMEA
CTR-2024069,2025-12,55824.29,Enterprise Software,EMEA
CTR-2024069,2026-01,47377.35,Enterprise Software,EMEA
CTR-2024069,2026-02,48787.65,Enterprise Software,EMEA
CTR-2024069,2026-03,50201.18,Enterprise Software,EMEA
CTR-2024070,2024-01,412073.77,Cloud Platform,North America
CTR-2024070,2024-02,413884.99,Cloud Platform,North America
CTR-2024070,2024-03,357529.41,Cloud Platform,North America
CTR-2024070,2024-04,457026.79,Cloud Platform,North America
CTR-2024070,2024-05,371322.08,Cloud Platform,North America
CTR-2024070,2024-06,370137.48,Cloud Platform,North America
CTR-2024070,2024-07,446379.17,Cloud Platform,North America
CTR-2024070,2024-08,461347.26,Cloud Platform,North America
CTR-2024070,2024-09,434100.61,Cloud Platform,North America
CTR-2024070,2024-10,364942.26,Cloud Platform,North America
CTR-2024070,2024-11,442350.74,Cloud Platform,North America
CTR-2024070,2024-12,350985.87,Cloud Platform,North America
CTR-2024070,2025-01,456943.77,Cloud Platform,North America
CTR-2024070,2025-02,352188.82,Cloud Platform,North America
CTR-2024070,2025-03,356358.89,Cloud Platform,North America
CTR-2024070,2025-04,395715.59,Cloud Platform,North America
CTR-2024070,2025-05,464559.97,Cloud Platform,North America
CTR-2024071,2025-01,3214.45,Managed Services,North America
CTR-2024071,2025-02,3557.22,Managed Services,North America
CTR-2024071,2025-03,3392.72,Managed Services,North America
CTR-2024071,2025-04,3087.72,Managed Services,North America
CTR-2024071,2025-05,2995.1,Managed Services,North America
CTR-2024071,2025-06,3084.77,Managed Services,North America
CTR-2024071,2025-07,3373.38,Managed Services,North America
CTR-2024071,2025-08,2947.12,Managed Services,North America
CTR-2024071,2025-09,2763.56,Managed Services,North America
CTR-2024071,2025-10,3043.52,Managed Services,North America
CTR-2024071,2025-11,3166.2,Managed Services,North America
CTR-2024071,2025-12,3545.82,Managed Services,North America
CTR-2024071,2026-01,2859.87,Managed Services,North America
CTR-2024071,2026-02,3453.17,Managed Services,North America
CTR-2024071,2026-03,3621.26,Managed Services,North America
CTR-2024072,2024-12,64625.78,Data Analytics,North America
CTR-2024072,2025-01,64434.9,Data Analytics,North America
CTR-2024072,2025-02,62823.66,Data Analytics,North America
CTR-2024072,2025-03,54762.18,Data Analytics,North America
CTR-2024072,2025-04,50855.15,Data Analytics,North America
CTR-2024072,2025-05,57306.02,Data Analytics,North America
CTR-2024072,2025-06,55776.27,Data Analytics,North America
CTR-2024072,2025-07,54429.45,Data Analytics,North America
CTR-2024072,2025-08,63014.91,Data Analytics,North America
CTR-2024072,2025-09,62232.3,Data Analytics,North America
CTR-2024072,2025-10,53575.78,Data Analytics,North America
CTR-2024072,2025-11,55765.02,Data Analytics,North America
CTR-2024072,2025-12,66278.15,Data Analytics,North America
CTR-2024073,2024-01,172087.2,Managed Services,EMEA
CTR-2024073,2024-02,217176.9,Managed Services,EMEA
CTR-2024073,2024-03,164782.7,Managed Services,EMEA
CTR-2024073,2024-04,194635.7,Managed Services,EMEA
CTR-2024073,2024-05,200079.73,Managed Services,EMEA
CTR-2024073,2024-06,203396.96,Managed Services,EMEA
CTR-2024073,2024-07,163957.1,Managed Services,EMEA
CTR-2024073,2024-08,182724.84,Managed Services,EMEA
CTR-2024073,2024-09,207172.65,Managed Services,EMEA
CTR-2024074,2025-09,3290.92,Data Analytics,APAC
CTR-2024074,2025-10,3768.06,Data Analytics,APAC
CTR-2024074,2025-11,3441.3,Data Analytics,APAC
CTR-2024074,2025-12,3725.73,Data Analytics,APAC
CTR-2024074,2026-01,3241.56,Data Analytics,APAC
CTR-2024074,2026-02,4291.45,Data Analytics,APAC
CTR-2024074,2026-03,3971.79,Data Analytics,APAC
CTR-2024075,2024-06,2322.55,Enterprise Software,North America
CTR-2024075,2024-07,2307.71,Enterprise Software,North America
CTR-2024075,2024-08,2074.18,Enterprise Software,North America
CTR-2024075,2024-09,2186.19,Enterprise Software,North America
CTR-2024075,2024-10,1983.08,Enterprise Software,North America
CTR-2024075,2024-11,2355.51,Enterprise Software,North America
CTR-2024075,2024-12,1805.18,Enterprise Software,North America
CTR-2024075,2025-01,1811.78,Enterprise Software,North America
CTR-2024075,2025-02,1835.25,Enterprise Software,North America
CTR-2024075,2025-03,2259.88,Enterprise Software,North America
CTR-2024075,2025-04,1798.95,Enterprise Software,North America
CTR-2024075,2025-05,2103.91,Enterprise Software,North America
CTR-2024075,2025-06,2021.73,Enterprise Software,North America
CTR-2024075,2025-07,2349.11,Enterprise Software,North America
CTR-2024075,2025-08,1899.12,Enterprise Software,North America
CTR-2024075,2025-09,1914.1,Enterprise Software,North America
CTR-2024075,2025-10,1947.52,Enterprise Software,North America
CTR-2024075,2025-11,2248.03,Enterprise Software,North America
CTR-2024075,2025-12,2186.12,Enterprise Software,North America
CTR-2024075,2026-01,2207.54,Enterprise Software,North America
CTR-2024075,2026-02,1949.41,Enterprise Software,North America
CTR-2024075,2026-03,1920.89,Enterprise Software,North America
CTR-2024076,2024-11,930.08,Enterprise Software,EMEA
CTR-2024076,2024-12,1128.67,Enterprise Software,EMEA
CTR-2024076,2025-01,921.58,Enterprise Software,EMEA
CTR-2024076,2025-02,920.54,Enterprise Software,EMEA
CTR-2024076,2025-03,1028.26,Enterprise Software,EMEA
CTR-2024076,2025-04,985.81,Enterprise Software,EMEA
CTR-2024076,2025-05,925.26,Enterprise Software,EMEA
CTR-2024076,2025-06,999.67,Enterprise Software,EMEA
CTR-2024076,2025-07,1128.73,Enterprise Software,EMEA
CTR-2024076,2025-08,1029.0,Enterprise Software,EMEA
CTR-2024076,2025-09,1032.58,Enterprise Software,EMEA
CTR-2024076,2025-10,1154.46,Enterprise Software,EMEA
CTR-2024076,2025-11,915.77,Enterprise Software,EMEA
CTR-2024076,2025-12,1140.4,Enterprise Software,EMEA
CTR-2024076,2026-01,982.73,Enterprise Software,EMEA
CTR-2024076,2026-02,1108.17,Enterprise Software,EMEA
CTR-2024076,2026-03,1076.41,Enterprise Software,EMEA
CTR-2024077,2024-01,11223.92,Managed Services,APAC
CTR-2024077,2024-02,13342.61,Managed Services,APAC
CTR-2024077,2024-03,14310.95,Managed Services,APAC
CTR-2024077,2024-04,12157.17,Managed Services,APAC
CTR-2024077,2024-05,10849.85,Managed Services,APAC
CTR-2024077,2024-06,11790.52,Managed Services,APAC
CTR-2024077,2024-07,13752.66,Managed Services,APAC
CTR-2024077,2024-08,11320.08,Managed Services,APAC
CTR-2024077,2024-09,14249.58,Managed Services,APAC
CTR-2024077,2024-10,13882.58,Managed Services,APAC
CTR-2024077,2024-11,12758.37,Managed Services,APAC
CTR-2024077,2024-12,12736.42,Managed Services,APAC
CTR-2024077,2025-01,11022.16,Managed Services,APAC
CTR-2024077,2025-02,11049.19,Managed Services,APAC
CTR-2024077,2025-03,13653.74,Managed Services,APAC
CTR-2024077,2025-04,11122.77,Managed Services,APAC
CTR-2024077,2025-05,10897.73,Managed Services,APAC
CTR-2024077,2025-06,13605.37,Managed Services,APAC
CTR-2024077,2025-07,11502.35,Managed Services,APAC
CTR-2024077,2025-08,11411.42,Managed Services,APAC
CTR-2024077,2025-09,12173.5,Managed Services,APAC
CTR-2024077,2025-10,13248.98,Managed Services,APAC
CTR-2024078,2025-01,18058.35,Enterprise Software,APAC
CTR-2024078,2025-02,14002.35,Enterprise Software,APAC
CTR-2024078,2025-03,18442.23,Enterprise Software,APAC
CTR-2024078,2025-04,14593.4,Enterprise Software,APAC
CTR-2024078,2025-05,16751.47,Enterprise Software,APAC
CTR-2024078,2025-06,17537.75,Enterprise Software,APAC
CTR-2024078,2025-07,14084.15,Enterprise Software,APAC
CTR-2024078,2025-08,17720.59,Enterprise Software,APAC
CTR-2024078,2025-09,17535.77,Enterprise Software,APAC
CTR-2024078,2025-10,14231.24,Enterprise Software,APAC
CTR-2024078,2025-11,18178.0,Enterprise Software,APAC
CTR-2024078,2025-12,13885.12,Enterprise Software,APAC
CTR-2024078,2026-01,18090.62,Enterprise Software,APAC
CTR-2024079,2025-07,59377.88,Data Analytics,LATAM
CTR-2024079,2025-08,57355.55,Data Analytics,LATAM
CTR-2024079,2025-09,58139.08,Data Analytics,LATAM
CTR-2024079,2025-10,56842.18,Data Analytics,LATAM
CTR-2024079,2025-11,66728.7,Data Analytics,LATAM
CTR-2024079,2025-12,55433.97,Data Analytics,LATAM
CTR-2024079,2026-01,58484.13,Data Analytics,LATAM
CTR-2024079,2026-02,53180.63,Data Analytics,LATAM
CTR-2024079,2026-03,61481.95,Data Analytics,LATAM
CTR-2024080,2024-03,201374.12,Cybersecurity,EMEA
CTR-2024080,2024-04,192789.06,Cybersecurity,EMEA
CTR-2024080,2024-05,214999.2,Cybersecurity,EMEA
CTR-2024080,2024-06,191640.0,Cybersecurity,EMEA
CTR-2024080,2024-07,169000.42,Cybersecurity,EMEA
CTR-2024080,2024-08,186084.92,Cybersecurity,EMEA
CTR-2024080,2024-09,188180.44,Cybersecurity,EMEA
CTR-2024080,2024-10,201106.48,Cybersecurity,EMEA
CTR-2024080,2024-11,210047.85,Cybersecurity,EMEA
CTR-2024080,2024-12,178339.89,Cybersecurity,EMEA
CTR-2024080,2025-01,221439.08,Cybersecurity,EMEA
CTR-2024080,2025-02,195378.98,Cybersecurity,EMEA
CTR-2024080,2025-03,165055.13,Cybersecurity,EMEA
CTR-2024080,2025-04,186055.0,Cybersecurity,EMEA
CTR-2024080,2025-05,205197.95,Cybersecurity,EMEA
CTR-2024080,2025-06,191677.81,Cybersecurity,EMEA
CTR-2024080,2025-07,209135.88,Cybersecurity,EMEA
CTR-2024080,2025-08,183829.63,Cybersecurity,EMEA
CTR-2024080,2025-09,196651.49,Cybersecurity,EMEA
CTR-2024080,2025-10,182531.94,Cybersecurity,EMEA
CTR-2024080,2025-11,179571.52,Cybersecurity,EMEA
CTR-2024080,2025-12,165433.1,Cybersecurity,EMEA
CTR-2024080,2026-01,198471.94,Cybersecurity,EMEA
CTR-2024080,2026-02,165620.59,Cybersecurity,EMEA
CTR-2024080,2026-03,210828.41,Cybersecurity,EMEA
CTR-2024081,2024-01,3787.61,Cloud Platform,North America
CTR-2024081,2024-02,3437.17,Cloud Platform,North America
CTR-2024082,2025-01,11212.61,Cloud Platform,EMEA
CTR-2024082,2025-02,8639.12,Cloud Platform,EMEA
CTR-2024082,2025-03,10278.7,Cloud Platform,EMEA
CTR-2024082,2025-04,9129.15,Cloud Platform,EMEA
CTR-2024082,2025-05,10748.2,Cloud Platform,EMEA
CTR-2024082,2025-06,11045.57,Cloud Platform,EMEA
CTR-2024082,2025-07,8508.88,Cloud Platform,EMEA
CTR-2024082,2025-08,11278.62,Cloud Platform,EMEA
CTR-2024082,2025-09,8990.4,Cloud Platform,EMEA
CTR-2024082,2025-10,10837.2,Cloud Platform,EMEA
CTR-2024082,2025-11,10692.56,Cloud Platform,EMEA
CTR-2024082,2025-12,9389.13,Cloud Platform,EMEA
CTR-2024082,2026-01,10815.75,Cloud Platform,EMEA
CTR-2024082,2026-02,10833.42,Cloud Platform,EMEA
CTR-2024082,2026-03,8862.84,Cloud Platform,EMEA
CTR-2024083,2025-09,13913.49,Cybersecurity,APAC
CTR-2024083,2025-10,13498.38,Cybersecurity,APAC
CTR-2024083,2025-11,14325.47,Cybersecurity,APAC
CTR-2024083,2025-12,10939.28,Cybersecurity,APAC
CTR-2024083,2026-01,13509.6,Cybersecurity,APAC
CTR-2024083,2026-02,14453.84,Cybersecurity,APAC
CTR-2024083,2026-03,12986.04,Cybersecurity,APAC
CTR-2024084,2024-10,286466.71,Cybersecurity,EMEA
CTR-2024084,2024-11,284414.19,Cybersecurity,EMEA
CTR-2024084,2024-12,296902.05,Cybersecurity,EMEA
CTR-2024084,2025-01,263473.68,Cybersecurity,EMEA
CTR-2024084,2025-02,234860.97,Cybersecurity,EMEA
CTR-2024084,2025-03,224121.06,Cybersecurity,EMEA
CTR-2024084,2025-04,225542.0,Cybersecurity,EMEA
CTR-2024084,2025-05,268120.97,Cybersecurity,EMEA
CTR-2024084,2025-06,222713.26,Cybersecurity,EMEA
CTR-2024084,2025-07,258467.53,Cybersecurity,EMEA
CTR-2024084,2025-08,247051.49,Cybersecurity,EMEA
CTR-2024084,2025-09,269094.48,Cybersecurity,EMEA
CTR-2024084,2025-10,284105.42,Cybersecurity,EMEA
CTR-2024084,2025-11,247755.95,Cybersecurity,EMEA
CTR-2024084,2025-12,235009.52,Cybersecurity,EMEA
CTR-2024084,2026-01,283791.56,Cybersecurity,EMEA
CTR-2024084,2026-02,288927.05,Cybersecurity,EMEA
CTR-2024084,2026-03,225806.45,Cybersecurity,EMEA
CTR-2024085,2024-04,10644.95,Managed Services,EMEA
CTR-2024085,2024-05,10857.74,Managed Services,EMEA
CTR-2024085,2024-06,10899.6,Managed Services,EMEA
CTR-2024085,2024-07,11194.34,Managed Services,EMEA
CTR-2024085,2024-08,9462.42,Managed Services,EMEA
CTR-2024085,2024-09,11139.35,Managed Services,EMEA
CTR-2024085,2024-10,9527.35,Managed Services,EMEA
CTR-2024085,2024-11,8658.2,Managed Services,EMEA
CTR-2024085,2024-12,9250.49,Managed Services,EMEA
CTR-2024085,2025-01,8762.71,Managed Services,EMEA
CTR-2024085,2025-02,8824.83,Managed Services,EMEA
CTR-2024085,2025-03,11159.33,Managed Services,EMEA
CTR-2024085,2025-04,10696.52,Managed Services,EMEA
CTR-2024085,2025-05,11194.64,Managed Services,EMEA
CTR-2024085,2025-06,10275.58,Managed Services,EMEA
CTR-2024085,2025-07,8874.1,Managed Services,EMEA
CTR-2024085,2025-08,11218.49,Managed Services,EMEA
CTR-2024085,2025-09,10406.53,Managed Services,EMEA
CTR-2024085,2025-10,11100.76,Managed Services,EMEA
CTR-2024085,2025-11,10682.21,Managed Services,EMEA
CTR-2024085,2025-12,9018.78,Managed Services,EMEA
CTR-2024085,2026-01,10097.86,Managed Services,EMEA
CTR-2024085,2026-02,8877.49,Managed Services,EMEA
CTR-2024085,2026-03,9265.41,Managed Services,EMEA
CTR-2024086,2024-01,12171.26,Cloud Platform,EMEA
CTR-2024086,2024-02,11460.19,Cloud Platform,EMEA
CTR-2024086,2024-03,14290.59,Cloud Platform,EMEA
CTR-2024086,2024-04,13768.44,Cloud Platform,EMEA
CTR-2024086,2024-05,14891.86,Cloud Platform,EMEA
CTR-2024086,2024-06,14568.78,Cloud Platform,EMEA
CTR-2024087,2024-01,36284.26,Cybersecurity,North America
CTR-2024087,2024-02,37922.36,Cybersecurity,North America
CTR-2024087,2024-03,43825.6,Cybersecurity,North America
CTR-2024087,2024-04,41449.99,Cybersecurity,North America
CTR-2024087,2024-05,41790.1,Cybersecurity,North America
CTR-2024087,2024-06,35346.03,Cybersecurity,North America
CTR-2024087,2024-07,40063.84,Cybersecurity,North America
CTR-2024087,2024-08,38078.21,Cybersecurity,North America
CTR-2024087,2024-09,35029.53,Cybersecurity,North America
CTR-2024087,2024-10,38266.42,Cybersecurity,North America
CTR-2024087,2024-11,37938.03,Cybersecurity,North America
CTR-2024087,2024-12,41748.47,Cybersecurity,North America
CTR-2024087,2025-01,45681.95,Cybersecurity,North America
CTR-2024087,2025-02,43980.28,Cybersecurity,North America
CTR-2024087,2025-03,42155.64,Cybersecurity,North America
CTR-2024087,2025-04,42868.73,Cybersecurity,North America
CTR-2024088,2024-07,1931.89,Cloud Platform,LATAM
CTR-2024088,2024-08,2066.55,Cloud Platform,LATAM
CTR-2024088,2024-09,2394.9,Cloud Platform,LATAM
CTR-2024088,2024-10,2162.17,Cloud Platform,LATAM
CTR-2024088,2024-11,2458.63,Cloud Platform,LATAM
CTR-2024088,2024-12,2413.39,Cloud Platform,LATAM
CTR-2024088,2025-01,1956.85,Cloud Platform,LATAM
CTR-2024088,2025-02,2221.75,Cloud Platform,LATAM
CTR-2024088,2025-03,2209.14,Cloud Platform,LATAM
CTR-2024088,2025-04,2037.11,Cloud Platform,LATAM
CTR-2024088,2025-05,2205.32,Cloud Platform,LATAM
CTR-2024088,2025-06,2522.97,Cloud Platform,LATAM
CTR-2024088,2025-07,2162.68,Cloud Platform,LATAM
CTR-2024088,2025-08,2179.06,Cloud Platform,LATAM
CTR-2024088,2025-09,2487.01,Cloud Platform,LATAM
CTR-2024088,2025-10,2459.79,Cloud Platform,LATAM
CTR-2024088,2025-11,2316.72,Cloud Platform,LATAM
CTR-2024088,2025-12,2439.08,Cloud Platform,LATAM
CTR-2024088,2026-01,2077.35,Cloud Platform,LATAM
CTR-2024088,2026-02,2230.63,Cloud Platform,LATAM
CTR-2024088,2026-03,2466.9,Cloud Platform,LATAM
CTR-2024089,2024-09,5507.86,Enterprise Software,APAC
CTR-2024089,2024-10,5973.15,Enterprise Software,APAC
CTR-2024089,2024-11,5671.25,Enterprise Software,APAC
CTR-2024089,2024-12,6128.88,Enterprise Software,APAC
CTR-2024089,2025-01,7183.05,Enterprise Software,APAC
CTR-2024089,2025-02,5779.69,Enterprise Software,APAC
CTR-2024089,2025-03,5613.88,Enterprise Software,APAC
CTR-2024089,2025-04,7287.1,Enterprise Software,APAC
CTR-2024089,2025-05,7356.99,Enterprise Software,APAC
CTR-2024089,2025-06,6121.44,Enterprise Software,APAC
CTR-2024089,2025-07,7370.95,Enterprise Software,APAC
CTR-2024089,2025-08,7193.27,Enterprise Software,APAC
CTR-2024089,2025-09,6828.99,Enterprise Software,APAC
CTR-2024089,2025-10,6301.67,Enterprise Software,APAC
CTR-2024089,2025-11,6730.79,Enterprise Software,APAC
CTR-2024089,2025-12,6641.39,Enterprise Software,APAC
CTR-2024089,2026-01,6307.22,Enterprise Software,APAC
CTR-2024089,2026-02,5572.48,Enterprise Software,APAC
CTR-2024089,2026-03,6108.2,Enterprise Software,APAC
CTR-2024090,2024-11,13966.72,Managed Services,LATAM
CTR-2024090,2024-12,14065.0,Managed Services,LATAM
CTR-2024090,2025-01,14096.39,Managed Services,LATAM
CTR-2024090,2025-02,12258.01,Managed Services,LATAM
CTR-2024090,2025-03,12322.33,Managed Services,LATAM
CTR-2024090,2025-04,12148.36,Managed Services,LATAM
CTR-2024090,2025-05,11404.98,Managed Services,LATAM
CTR-2024090,2025-06,13470.54,Managed Services,LATAM
CTR-2024090,2025-07,14531.08,Managed Services,LATAM
CTR-2024090,2025-08,11816.22,Managed Services,LATAM
CTR-2024090,2025-09,12636.06,Managed Services,LATAM
CTR-2024090,2025-10,12900.23,Managed Services,LATAM
CTR-2024090,2025-11,12373.86,Managed Services,LATAM
CTR-2024091,2025-05,40289.49,Cybersecurity,LATAM
CTR-2024091,2025-06,37978.94,Cybersecurity,LATAM
CTR-2024091,2025-07,39906.36,Cybersecurity,LATAM
CTR-2024091,2025-08,41513.41,Cybersecurity,LATAM
CTR-2024091,2025-09,38725.49,Cybersecurity,LATAM
CTR-2024091,2025-10,48845.43,Cybersecurity,LATAM
CTR-2024091,2025-11,41733.14,Cybersecurity,LATAM
CTR-2024091,2025-12,42916.91,Cybersecurity,LATAM
CTR-2024091,2026-01,44134.08,Cybersecurity,LATAM
CTR-2024091,2026-02,46418.12,Cybersecurity,LATAM
CTR-2024091,2026-03,38847.71,Cybersecurity,LATAM
CTR-2024092,2025-03,1371.55,Cybersecurity,LATAM
CTR-2024092,2025-04,1689.92,Cybersecurity,LATAM
CTR-2024092,2025-05,1455.4,Cybersecurity,LATAM
CTR-2024092,2025-06,1490.1,Cybersecurity,LATAM
CTR-2024092,2025-07,1407.18,Cybersecurity,LATAM
CTR-2024092,2025-08,1498.86,Cybersecurity,LATAM
CTR-2024092,2025-09,1390.34,Cybersecurity,LATAM
CTR-2024092,2025-10,1409.57,Cybersecurity,LATAM
CTR-2024092,2025-11,1315.54,Cybersecurity,LATAM
CTR-2024092,2025-12,1629.36,Cybersecurity,LATAM
CTR-2024092,2026-01,1590.84,Cybersecurity,LATAM
CTR-2024092,2026-02,1326.48,Cybersecurity,LATAM
CTR-2024092,2026-03,1443.76,Cybersecurity,LATAM
CTR-2024093,2024-04,14284.85,Cybersecurity,LATAM
CTR-2024093,2024-05,12854.21,Cybersecurity,LATAM
CTR-2024093,2024-06,12718.55,Cybersecurity,LATAM
CTR-2024093,2024-07,13797.02,Cybersecurity,LATAM
CTR-2024093,2024-08,13712.94,Cybersecurity,LATAM
CTR-2024093,2024-09,12211.72,Cybersecurity,LATAM
CTR-2024093,2024-10,12650.63,Cybersecurity,LATAM
CTR-2024093,2024-11,13895.02,Cybersecurity,LATAM
CTR-2024093,2024-12,12422.73,Cybersecurity,LATAM
CTR-2024093,2025-01,13950.45,Cybersecurity,LATAM
CTR-2024093,2025-02,12428.13,Cybersecurity,LATAM
CTR-2024093,2025-03,10936.17,Cybersecurity,LATAM
CTR-2024093,2025-04,14029.77,Cybersecurity,LATAM
CTR-2024093,2025-05,13322.03,Cybersecurity,LATAM
CTR-2024093,2025-06,12525.16,Cybersecurity,LATAM
CTR-2024093,2025-07,14021.05,Cybersecurity,LATAM
CTR-2024093,2025-08,13645.51,Cybersecurity,LATAM
CTR-2024093,2025-09,13183.94,Cybersecurity,LATAM
CTR-2024093,2025-10,12968.92,Cybersecurity,LATAM
CTR-2024093,2025-11,11091.36,Cybersecurity,LATAM
CTR-2024093,2025-12,13483.06,Cybersecurity,LATAM
CTR-2024093,2026-01,11288.87,Cybersecurity,LATAM
CTR-2024093,2026-02,14336.16,Cybersecurity,LATAM
CTR-2024093,2026-03,14290.33,Cybersecurity,LATAM
CTR-2024094,2025-04,31033.01,Managed Services,EMEA
CTR-2024094,2025-05,31418.15,Managed Services,EMEA
CTR-2024094,2025-06,37943.66,Managed Services,EMEA
CTR-2024094,2025-07,32751.3,Managed Services,EMEA
CTR-2024094,2025-08,39448.24,Managed Services,EMEA
CTR-2024094,2025-09,32168.18,Managed Services,EMEA
CTR-2024094,2025-10,36993.27,Managed Services,EMEA
CTR-2024094,2025-11,34022.72,Managed Services,EMEA
CTR-2024094,2025-12,38418.19,Managed Services,EMEA
CTR-2024094,2026-01,39284.01,Managed Services,EMEA
CTR-2024094,2026-02,31511.58,Managed Services,EMEA
CTR-2024094,2026-03,36575.87,Managed Services,EMEA
CTR-2024095,2025-06,5700.71,Cybersecurity,APAC
CTR-2024095,2025-07,5180.17,Cybersecurity,APAC
CTR-2024095,2025-08,5794.24,Cybersecurity,APAC
CTR-2024095,2025-09,4396.39,Cybersecurity,APAC
CTR-2024095,2025-10,5459.38,Cybersecurity,APAC
CTR-2024095,2025-11,5285.05,Cybersecurity,APAC
CTR-2024095,2025-12,5584.94,Cybersecurity,APAC
CTR-2024095,2026-01,4551.13,Cybersecurity,APAC
CTR-2024095,2026-02,4608.48,Cybersecurity,APAC
CTR-2024095,2026-03,5252.64,Cybersecurity,APAC
CTR-2024096,2024-01,1901.56,Cybersecurity,North America
CTR-2024096,2024-02,1718.28,Cybersecurity,North America
CTR-2024096,2024-03,1484.67,Cybersecurity,North America
CTR-2024096,2024-04,1578.33,Cybersecurity,North America
CTR-2024096,2024-05,1704.59,Cybersecurity,North America
CTR-2024096,2024-06,1607.56,Cybersecurity,North America
CTR-2024096,2024-07,1641.47,Cybersecurity,North America
CTR-2024096,2024-08,1627.38,Cybersecurity,North America
CTR-2024096,2024-09,1679.27,Cybersecurity,North America
CTR-2024096,2024-10,1741.69,Cybersecurity,North America
CTR-2024097,2024-10,175998.29,Enterprise Software,EMEA
CTR-2024097,2024-11,168550.08,Enterprise Software,EMEA
CTR-2024097,2024-12,194864.36,Enterprise Software,EMEA
CTR-2024097,2025-01,199676.88,Enterprise Software,EMEA
CTR-2024097,2025-02,162601.65,Enterprise Software,EMEA
CTR-2024097,2025-03,210768.28,Enterprise Software,EMEA
CTR-2024097,2025-04,179173.19,Enterprise Software,EMEA
CTR-2024097,2025-05,173856.31,Enterprise Software,EMEA
CTR-2024097,2025-06,202625.82,Enterprise Software,EMEA
CTR-2024097,2025-07,212538.07,Enterprise Software,EMEA
CTR-2024097,2025-08,211190.45,Enterprise Software,EMEA
CTR-2024097,2025-09,161551.48,Enterprise Software,EMEA
CTR-2024097,2025-10,206681.42,Enterprise Software,EMEA
CTR-2024097,2025-11,177563.14,Enterprise Software,EMEA
CTR-2024097,2025-12,176277.53,Enterprise Software,EMEA
CTR-2024097,2026-01,188238.5,Enterprise Software,EMEA
CTR-2024097,2026-02,199819.64,Enterprise Software,EMEA
CTR-2024097,2026-03,165966.49,Enterprise Software,EMEA
CTR-2024098,2024-09,4585.83,Managed Services,EMEA
CTR-2024098,2024-10,5234.44,Managed Services,EMEA
CTR-2024098,2024-11,5278.79,Managed Services,EMEA
CTR-2024098,2024-12,4615.66,Managed Services,EMEA
CTR-2024098,2025-01,5212.6,Managed Services,EMEA
CTR-2024098,2025-02,5031.41,Managed Services,EMEA
CTR-2024098,2025-03,4276.78,Managed Services,EMEA
CTR-2024098,2025-04,4792.5,Managed Services,EMEA
CTR-2024098,2025-05,5482.78,Managed Services,EMEA
CTR-2024098,2025-06,4741.95,Managed Services,EMEA
CTR-2024098,2025-07,4855.05,Managed Services,EMEA
CTR-2024098,2025-08,4901.94,Managed Services,EMEA
CTR-2024098,2025-09,4693.28,Managed Services,EMEA
CTR-2024098,2025-10,4228.37,Managed Services,EMEA
CTR-2024098,2025-11,5304.34,Managed Services,EMEA
CTR-2024098,2025-12,4242.14,Managed Services,EMEA
CTR-2024098,2026-01,5184.46,Managed Services,EMEA
CTR-2024098,2026-02,4736.41,Managed Services,EMEA
CTR-2024098,2026-03,5288.28,Managed Services,EMEA
CTR-2024099,2024-01,247077.97,Cybersecurity,North America
CTR-2024099,2024-02,304712.52,Cybersecurity,North America
CTR-2024099,2024-03,249295.58,Cybersecurity,North America
CTR-2024099,2024-04,237537.73,Cybersecurity,North America
CTR-2024099,2024-05,235520.03,Cybersecurity,North America
CTR-2024099,2024-06,236956.97,Cybersecurity,North America
CTR-2024099,2024-07,262413.19,Cybersecurity,North America
CTR-2024099,2024-08,249162.72,Cybersecurity,North America
CTR-2024099,2024-09,263068.61,Cybersecurity,North America
CTR-2024099,2024-10,270945.55,Cybersecurity,North America
CTR-2024099,2024-11,265417.76,Cybersecurity,North America
CTR-2024099,2024-12,308647.69,Cybersecurity,North America
CTR-2024099,2025-01,288771.87,Cybersecurity,North America
CTR-2024099,2025-02,252681.73,Cybersecurity,North America
CTR-2024099,2025-03,272964.22,Cybersecurity,North America
CTR-2024100,2024-05,10993.95,Data Analytics,EMEA
CTR-2024100,2024-06,9585.78,Data Analytics,EMEA
CTR-2024100,2024-07,9808.2,Data Analytics,EMEA
CTR-2024100,2024-08,9208.1,Data Analytics,EMEA
CTR-2024100,2024-09,10637.9,Data Analytics,EMEA
CTR-2024100,2024-10,8960.08,Data Analytics,EMEA
CTR-2024100,2024-11,10618.25,Data Analytics,EMEA
CTR-2024100,2024-12,8472.46,Data Analytics,EMEA
CTR-2024100,2025-01,8290.07,Data Analytics,EMEA
CTR-2024100,2025-02,8354.4,Data Analytics,EMEA
CTR-2024100,2025-03,10684.75,Data Analytics,EMEA
CTR-2024100,2025-04,10470.34,Data Analytics,EMEA
CTR-2024100,2025-05,8831.58,Data Analytics,EMEA
CTR-2024100,2025-06,8851.96,Data Analytics,EMEA
CTR-2024100,2025-07,8862.86,Data Analytics,EMEA
CTR-2024100,2025-08,8809.59,Data Analytics,EMEA
CTR-2024100,2025-09,10098.71,Data Analytics,EMEA
CTR-2024100,2025-10,9697.93,Data Analytics,EMEA
CTR-2024100,2025-11,10716.08,Data Analytics,EMEA
CTR-2024100,2025-12,11013.13,Data Analytics,EMEA
CTR-2024100,2026-01,10187.42,Data Analytics,EMEA
CTR-2024100,2026-02,9584.38,Data Analytics,EMEA
CTR-2024100,2026-03,8593.95,Data Analytics,EMEA
